,NA,PN,ND,NG,NNum,VO,NRc,VS,glot
Wak.SOUTHERN_WAKASHAN.MAKAH,-,-,1,-,-,0,-,0,Wakashan
NC.UBANGI.SANGO,1,0,0,0,0,0,0,1,Atlantic-Congo
An.OCEANIC.SIO,0,0,0,1,0,0,0,1,Austronesian
IE.CELTIC.IRISH_GAELIC,0,0,0,0,1,0,0,0,Indo-European
AA.SOUTHERN_CUSHITIC.IRAQW,0,0,0,0,0,1,0,1,Afro-Asiatic
Sko.KRISA.ISAKA,0,-,0,0,0,1,0,1,Sko
IE.ROMANCE.ITALIAN,0,0,1,0,1,0,0,-,Indo-European
AA.HIGHLAND_EAST_CUSHITIC.SIDAMO,1,1,1,1,1,1,1,1,Afro-Asiatic
NC.BANTOID.SHONA,0,0,0,0,0,0,0,1,Atlantic-Congo
An.OCEANIC.JABEM,0,-,0,1,0,0,0,1,Austronesian
May.MAYAN.JACALTECO_WESTERN,1,0,0,0,1,0,0,0,Mayan
EBH.EAST_BIRDS_HEAD.SOUGB,0,0,0,1,0,0,0,1,East_Bird's_Head
Hok.SERI.SERI,-,1,0,1,0,1,-,1,Seri
Dog.DOGON.DOGON_JAMSAY,0,1,0,1,0,1,-,1,Dogon
ST.JINGHPO.JINGPHO,0,1,1,1,0,1,1,1,Sino-Tibetan
Jap.JAPANESE.TOKYO_JAPANESE,1,1,1,1,1,1,1,1,Japonic
AuA.BAHNARIC.SEDANG,0,0,0,0,1,0,0,1,Austroasiatic
Kxa.KXA.JUHOAN,0,1,0,1,0,0,0,1,Kxa
NC.PLATOID.JUKUN_TAKUM,0,0,0,0,0,0,0,1,Atlantic-Congo
Sad.SANDAWE.SANDAWE,0,1,1,1,0,1,0,1,Sandawe
An.MALAYO_SUMBAWAN.INDONESIAN_2,0,0,0,0,1,0,0,1,Austronesian
An.OCEANIC.SIAR,1,0,-,0,1,0,0,1,Austronesian
Bor.BORDER.IMONDA,0,1,-,1,0,1,-,1,Border
An.OCEANIC.IAAI,1,0,0,0,1,0,0,0,Austronesian
Nad.NADAHUP.JUPDA,0,1,1,1,1,1,1,1,Nadahup
TNG.EASTERN_HIGHLANDS.YAGARIA,1,1,1,1,1,1,1,1,Nuclear_Trans_New_Guinea
Ura.UGRIC.HUNGARIAN,1,1,1,1,1,0,-,1,Uralic
NDe.ATHAPASKAN.HUPA_2,0,1,1,1,1,-,0,-,Athapaskan-Eyak-Tlingit
NC.ADAMAWA.SAMBA_LEKO,0,1,0,1,0,0,0,1,Atlantic-Congo
NDa.AVAR_ANDIC_TSEZIC.HUNZIB,1,1,1,1,1,1,1,1,Nakh-Daghestanian
An.OCEANIC.SALIBA_PAPUA_NEWGUINEA,0,1,1,1,0,1,0,1,Austronesian
An.OCEANIC.SISIQA,0,0,0,0,1,0,0,1,Austronesian
An.MALAYO_SUMBAWAN.IBAN,0,0,0,0,1,0,0,1,Austronesian
IE.GERMANIC.ICELANDIC,1,0,1,0,1,0,0,1,Indo-European
An.OCEANIC.IDUNA,0,1,1,1,0,1,0,1,Austronesian
NDe.ATHAPASKAN.SLAVEY,0,1,1,1,0,1,-,1,Athapaskan-Eyak-Tlingit
An.NORTHERN_LUZON.IFUGAO_BATAD,1,0,1,0,1,0,0,0,Austronesian
NC.IGBOID.IGBO_ONITSHA,0,0,0,0,0,0,0,1,Atlantic-Congo
ESu.KULIAK.IK,0,0,-,-,0,0,0,0,Kuliak
Sep.SEPIK_HILL.KAPRIMAN,1,1,1,1,1,1,1,1,Sepik
NC.CROSS_RIVER.KANA,-,0,0,0,1,0,0,1,Atlantic-Congo
An.OCEANIC.HOAVA,0,0,0,0,1,0,0,0,Austronesian
CSu.BONGO_BAGIRMI.KARA,0,0,0,0,0,0,0,1,Central_Sudanic
KK.KHOE_KWADI.KHOEKHOEGOWAB,1,1,1,1,1,1,1,1,Khoe-Kwadi
An.OCEANIC.ROTUMAN,0,0,0,0,0,0,0,1,Austronesian
AuA.KHASIAN.KHASI_2,0,0,1,0,1,0,0,1,Austroasiatic
IE.ROMANCE.ROMANIAN_2,0,0,-,0,1,0,0,1,Indo-European
NC.BANTOID.RUNYANKORE_RUKIGA,0,0,0,0,0,0,0,1,Atlantic-Congo
NC.SOUTHERN_ATLANTIC.KISI,0,0,0,0,0,-,0,1,Atlantic-Congo
Alt.TURKIC.KARAKALPAK,1,1,1,1,1,1,1,1,Turkic
Tuc.TUCANOAN.TANIMUCA,1,1,1,1,1,1,-,1,Tucanoan
An.OCEANIC.KOKOTA,0,0,1,0,1,0,0,0,Austronesian
AuA.MUNDA.KORKU,1,1,1,1,1,1,1,1,Austroasiatic
Arw.NORTHERN_ARAWAKAN.RESIGARO,1,1,1,1,1,1,-,1,Arawakan
ST.NUNGISH.RAWANG,0,1,1,1,0,1,1,1,Sino-Tibetan
An.OCEANIC.RAPA_NUI,0,0,0,0,1,0,0,0,Austronesian
Pen.KLAMATH_MODOC.KLAMATH,1,1,1,1,1,-,0,-,Klamath-Modoc
An.OCEANIC.KILIVILA,0,0,0,1,1,0,0,0,Austronesian
An.OCEANIC.RAGA,0,0,0,0,0,0,0,1,Austronesian
Tup.TUPI_GUARANI.KAMAYURA,0,1,1,1,1,1,0,1,Tupian
TNG.AWJU_DUMUT.KOMBAI,0,1,0,1,0,1,-,1,Nuclear_Trans_New_Guinea
AuA.KHMER.KHMER_2,0,0,0,0,0,0,0,1,Austroasiatic
Alt.TURKIC.KHALAJ_IRAN,1,1,1,1,1,1,0,1,Turkic
ST.BODIC.RGYALTHANG,0,1,0,1,0,1,1,1,Sino-Tibetan
Son.SONGHAY.KOYRA_CHIINI,0,1,0,1,0,0,0,1,Songhay
IE.INDIC.KASHMIRI,1,1,1,1,1,0,-,1,Indo-European
An.OCEANIC.KAULONG,0,0,0,-,0,0,0,1,Austronesian
Aus.TANGKIC.KAYARDILD,1,-,1,1,1,-,0,1,Tangkic
An.OCEANIC.SAMOAN,0,0,-,0,-,0,0,0,Austronesian
WP.NORTH_HALMAHERAN.SAHU,0,0,0,1,0,0,0,1,North_Halmahera
ST.KAREN.BWE_KAREN,0,0,0,1,0,0,0,1,Sino-Tibetan
IE.INDIC.WELSH_ROMANI,1,0,1,1,1,0,0,-,Indo-European
Alt.MONGOLIC.MONGOLIAN,1,1,1,1,1,1,1,1,Mongolic
AA.EAST_CHADIC.KERA,0,0,0,0,0,0,0,1,Afro-Asiatic
TNG.ENGAN.KEWA_EAST,1,1,1,1,0,1,-,1,Nuclear_Trans_New_Guinea
NC.GUR.KOROMFE,0,-,0,1,0,0,0,1,Atlantic-Congo
IE.SLAVIC.RUSSIAN,1,0,1,0,1,0,0,1,Indo-European
Mab.MABAN.RUNGA,0,1,0,1,-,1,0,1,Maban
TuK.TURAMA_KIKORIAN.RUMU,0,1,0,1,0,1,1,1,Turama-Kikori
ST.BODIC.KYIRONG,0,1,1,1,0,1,1,1,Sino-Tibetan
An.RUKAI.MAGA_RUKAI,-,0,1,0,1,0,-,0,Austronesian
AuA.ASLIAN.SEMELAI,0,0,0,0,1,0,0,-,Austroasiatic
May.MAYAN.SIPAKAPENSE,1,0,1,0,1,0,0,0,Mayan
ST.BODO_GARO.GARO,0,1,1,1,0,1,1,1,Sino-Tibetan
An.OCEANIC.TOBATI,0,1,0,1,0,1,0,1,Austronesian
Alt.TUNGUSIC.EVENKI_POLIGUS_LITERARY,1,1,1,1,1,1,1,1,Tungusic
An.BILIC.TAGABILI,0,0,0,0,1,0,0,0,Austronesian
NC.KWA.EWE_ADANGBE,0,1,0,1,0,0,0,1,Atlantic-Congo
NC.BANTOID.A72a_EWONDO,0,0,0,0,0,0,0,1,Atlantic-Congo
An.OCEANIC.FIJIAN,0,0,0,0,1,0,0,0,Austronesian
Ura.FINNIC.FINNISH,1,1,1,1,1,0,0,1,Uralic
NC.KWA.FONGBE,0,-,0,0,0,0,0,1,Atlantic-Congo
An.OCEANIC.TAWALA,0,-,1,1,0,1,0,1,Austronesian
IE.ROMANCE.FRENCH,0,0,1,0,1,0,0,1,Indo-European
NC.NORTHERN_ATLANTIC.FULFULDE_ADAMAWA,0,0,0,0,0,0,0,1,Atlantic-Congo
TNG.MADANG.TAUYA,0,1,1,1,0,1,-,1,Nuclear_Trans_New_Guinea
Fur.FUR.FUR,0,1,1,1,0,1,0,1,Furan
An.OCEANIC.ANIWA,0,0,0,0,-,0,0,1,Austronesian
NC.PLATOID.FYEM,0,0,0,0,0,0,0,1,Atlantic-Congo
Arw.NORTHERN_ARAWAKAN.TARIANA,-,1,1,1,1,1,0,1,Arawakan
IE.CELTIC.GAELIC_SCOTTISH,0,0,0,0,1,0,0,0,Indo-European
ST.BODIC.TAMANG,1,1,1,1,0,1,1,1,Sino-Tibetan
Sah.WESTERN_SAHARAN.DAZAGA,0,1,0,0,0,1,0,1,Saharan
An.OCEANIC.SIE,0,0,0,0,0,0,0,1,Austronesian
NC.EDOID.ENGENNI,0,0,0,0,0,0,0,1,Atlantic-Congo
ST.BODIC.DARMIYA,1,1,1,1,1,1,-,1,Sino-Tibetan
IE.GERMANIC.DANISH,1,0,1,1,1,0,0,1,Indo-European
NC.KAINJI.DUKA,0,0,1,0,0,0,0,1,Atlantic-Congo
ESu.NILOTIC.TESO,0,0,0,0,0,0,0,0,Nilotic
IE.GERMANIC.BRABANTIC,1,0,1,0,1,-,0,1,Indo-European
Aus.PAMA_NYUNGAN.DYIRBAL,0,-,1,1,0,1,0,1,Pama-Nyungan
AA.BIU_MANDARA.TERA_PIDLIMDI,0,0,0,0,0,0,0,1,Afro-Asiatic
An.OCEANIC.TEOP,0,0,0,0,1,0,0,1,Austronesian
TNG.MEK.EIPOMEK,1,1,-,1,0,1,1,1,Nuclear_Trans_New_Guinea
An.OCEANIC.SOUTH_EFATE_ERAKOR,0,0,0,0,0,0,0,1,Austronesian
ESu.SURMIC.TENNET,0,-,0,0,0,0,0,0,Surmic
Dra.SOUTH_CENTRAL_DRAVIDIAN.TELUGU,1,1,1,1,1,1,1,1,Dravidian
Tot.TOTONACAN.TEPEHUA_HUEHUETLA,1,0,1,0,1,0,0,0,Totonacan
Cho.CHOCO.NORTHERN_EMBERA,0,1,1,1,0,1,0,1,Chocoan
Tup.TUPI_GUARANI.EMERILLON,0,1,1,1,1,1,0,1,Tupian
IE.GERMANIC.ENGLISH,1,0,1,-,1,0,0,1,Indo-European
An.ENGGANO.ENGGANO,0,0,0,0,-,0,0,1,Austronesian
Cho.CHOCO.EPENA_SAIJA,0,1,1,1,0,1,-,1,Chocoan
IE.IRANIAN.TAJIK,0,0,1,0,1,1,0,1,Indo-European
An.OCEANIC.TAHITIAN,0,0,1,-,-,0,0,0,Austronesian
HM.HMONG_MIEN.HMONG_NJUA,0,0,0,1,1,0,0,1,Hmong-Mien
NC.GBAYA_MANZA_NGBAKA.GBEYA,1,0,0,0,0,0,0,1,Atlantic-Congo
Sal.CENTRAL_SALISH.SQUAMISH,1,0,1,0,1,0,-,0,Salishan
IE.ROMANCE.SPANISH,0,0,1,0,1,0,0,-,Indo-European
Hai.HAIDA.HAIDA,0,1,1,1,0,1,-,1,Haida
AA.LOWLAND_EAST_CUSHITIC.SOMALI,0,-,-,-,1,1,0,1,Afro-Asiatic
An.OCEANIC.HALIA_2,0,0,0,0,1,0,0,1,Austronesian
An.OCEANIC.SOBEI,0,0,0,1,0,0,0,1,Austronesian
ESu.KULIAK.TEPES,0,0,0,0,0,0,0,0,Kuliak
WP.HATAM.HATAM,0,0,0,1,0,0,0,1,Hatam-Mansim
AA.WEST_CHADIC.HAUSA,1,0,-,0,0,0,0,1,Afro-Asiatic
An.OCEANIC.HAWAIIAN_2,0,0,1,0,1,0,0,0,Austronesian
AA.BIU_MANDARA.HDI,0,0,-,0,0,0,0,0,Afro-Asiatic
AA.SEMITIC.HEBREW,0,0,0,0,1,0,0,1,Afro-Asiatic
IE.INDIC.HINDI,1,1,1,1,1,1,-,1,Indo-European
An.OCEANIC.SINAUGORO,0,1,1,1,0,1,1,1,Austronesian
NDe.ATHAPASKAN.SARCEE,0,1,1,1,1,1,0,1,Athapaskan-Eyak-Tlingit
AuA.BAHNARIC.SRE,0,0,0,0,1,0,0,1,Austroasiatic
An.MALAYO_SUMBAWAN.SUNDANESE,0,0,0,0,1,0,0,1,Austronesian
An.OCEANIC.NGGELA,0,0,0,0,1,0,0,0,Austronesian
Krt.KARTVELIAN.GEORGIAN,1,1,1,1,1,1,0,1,Kartvelian
IE.GERMANIC.STANDARD_GERMAN,1,0,1,0,1,-,0,1,Indo-European
An.SOUTH_HALMAHERA_WEST_NEW_GUINEA.EAST_MAKIAN,0,0,0,1,0,0,0,1,Austronesian
IE.GERMANIC.JAMTLANDIC,1,0,1,1,1,0,0,1,Indo-European
NC.BANTOID.SWAHILI,0,0,0,0,0,0,0,1,Atlantic-Congo
Sav.SAVOSAVO.SAVOSAVO,1,1,1,1,1,1,1,1,Savosavo
NC.GUR.SENOUFO_SUPYIRE,0,1,1,1,0,1,-,1,Atlantic-Congo
Slk.SULKA.SULKA,0,0,0,-,0,0,0,1,Sulka
TNG.MADANG.SUROI,0,1,0,1,0,1,0,1,Nuclear_Trans_New_Guinea
An.OCEANIC.GUMAWANA,0,1,0,1,0,1,-,1,Austronesian
AuA.MUNDA.SANTALI,1,1,1,1,1,1,-,1,Austroasiatic
NC.CROSS_RIVER.GOKANA,1,0,0,0,1,0,0,1,Atlantic-Congo
Arw.NORTHERN_ARAWAKAN.GARIFUNA,0,0,0,0,1,0,0,0,Arawakan
IE.GREEK.GREEK,1,0,1,0,1,0,0,-,Indo-European
EA.ESKIMO.WEST_GREENLANDIC,0,1,-,1,0,1,0,1,Eskimo-Aleut
AA.BIU_MANDARA.GUDE,1,0,-,0,0,0,0,0,Afro-Asiatic
ST.MAHAKIRANTI.KHAM,1,1,1,1,1,1,1,1,Sino-Tibetan
ESu.NILOTIC.KARIMOJONG,0,0,0,0,0,0,0,0,Nilotic
An.OCEANIC.TIGAK,0,0,0,0,1,0,0,1,Austronesian
UA.AZTECAN.NAHUATL_POMARO_AQUILA,0,0,1,-,1,0,0,0,Uto-Aztecan
EBH.EAST_BIRDS_HEAD.MEYAH,0,0,0,1,0,0,0,1,East_Bird's_Head
ST.KUKI_CHIN.MEITEI,-,1,0,1,0,1,1,1,Sino-Tibetan
Alg.ALGONQUIAN.MENOMINEE,-,-,1,1,1,-,0,-,Algic
Alt.MONGOLIC.MONGUOR,1,1,1,1,1,1,1,1,Mongolic
NC.BANTOID.LOMONGO,0,0,0,0,0,0,0,1,Atlantic-Congo
NC.NORTHERN_ATLANTIC.NON,0,0,0,0,0,0,0,1,Atlantic-Congo
AA.BIU_MANDARA.MUNJUK,0,0,0,0,0,0,0,1,Afro-Asiatic
IE.INDIC.MARATHI,1,1,1,1,1,1,1,1,Indo-European
NC.BANTOID.NONI,0,-,0,0,0,0,0,1,Atlantic-Congo
ST.NORTHERN_NAGA.NAGA_NOCTE,0,1,1,1,-,1,1,1,Sino-Tibetan
An.MALAYO_SUMBAWAN.MINANGKABAU,0,0,0,0,1,-,0,-,Austronesian
NC.BANTOID.NKORE_KIGA,0,0,0,0,0,0,0,1,Atlantic-Congo
AA.WEST_CHADIC.MIYA,0,0,1,0,0,0,0,-,Afro-Asiatic
Man.WESTERN_MANDE.BARALAKAKAN,0,1,0,1,0,1,-,1,Mande
NC.KWA.NKAMI,0,1,0,1,0,0,0,1,Atlantic-Congo
Niv.NIVKH.GILYAK_EAST_SAKHALIN,1,1,1,1,-,1,1,1,Nivkh
An.NORTHWEST_SUMATRA_BARRIER_ISLANDS.NIAS_SOUTHERN,0,0,0,0,-,0,0,0,Austronesian
NC.GBAYA_MANZA_NGBAKA.GBAYA_MBODOMO,1,0,0,0,0,0,0,1,Atlantic-Congo
ESu.NILOTIC.NUER,0,0,0,0,0,-,0,1,Nilotic
Man.WESTERN_MANDE.MALINKE,0,1,0,1,0,1,0,1,Mande
Tor.WAPEI_PALEI.OLO_YEBIL,0,0,0,-,0,0,0,1,Nuclear_Torricelli
ESu.SURMIC.MESENGO,1,1,0,0,0,0,0,0,Surmic
AA.SOUTH_OMOTIC.ARI,0,1,0,1,0,1,0,1,South_Omotic
An.BARITO.MALAGASY_SIHANAKA,0,0,-,0,0,0,0,0,Austronesian
An.OCEANIC.MAORI,0,0,-,0,0,0,0,0,Austronesian
Hok.YUMAN.MARICOPA,0,1,0,1,0,1,-,1,Cochimi-Yuman
Aus.IWAIDJAN.MAWNG,1,0,1,1,1,0,0,1,Iwaidjan_Proper
WP.NORTH_CENTRAL_BIRDS_HEAD.MAI_BRAT,0,0,0,-,0,0,0,1,Maybrat
NC.ADAMAWA.MUNDANG,0,0,0,0,0,0,0,1,Atlantic-Congo
NC.CROSS_RIVER.OBOLO,-,0,0,0,0,0,0,1,Atlantic-Congo
NC.ADAMAWA.MBUM,0,0,0,0,0,0,0,1,Atlantic-Congo
NC.UBANGI.NZAKARA,1,0,0,0,0,0,0,1,Atlantic-Congo
AA.BIU_MANDARA.MBARA,0,-,0,0,0,0,0,1,Afro-Asiatic
CSu.BONGO_BAGIRMI.MBAY,0,-,0,0,0,0,0,1,Central_Sudanic
ST.MAHAKIRANTI.DOLAKHA_NEWAR,1,1,1,1,-,1,1,1,Sino-Tibetan
NC.NUPOID.NUPE,0,0,0,0,0,0,0,1,Atlantic-Congo
TK.KAM_TAI.NUNG,0,0,0,0,1,0,0,1,Tai-Kadai
UA.AZTECAN.TETELCINGO_NAHUATL,0,0,1,0,1,0,0,-,Uto-Aztecan
AA.BIU_MANDARA.WANDALA,0,0,0,0,0,0,0,1,Afro-Asiatic
Car.CARIBAN.MAKUSHI,0,1,1,1,1,1,-,-,Cariban
UA.AZTECAN.NAHUATL_BUENOS_AIRES_ALAMO,0,0,1,0,1,0,0,0,Uto-Aztecan
Krd.HEIBAN.MORO,0,-,0,0,0,0,0,1,Heibanic
An.OCEANIC.LANGUE_DE_ISLES_MARQUISES,0,0,-,0,1,0,0,0,Austronesian
NC.GUR.BASSARI,0,-,0,1,0,0,0,1,Atlantic-Congo
Aus.PAMA_NYUNGAN.MARTUTHUNIRA,0,-,1,-,1,0,-,1,Pama-Nyungan
ST.BURMESE_LOLO.MARU,0,1,1,1,0,1,1,1,Sino-Tibetan
ST.TANI.MISING,1,1,1,1,0,1,1,1,Sino-Tibetan
NDe.ATHAPASKAN.NAVAJO,0,1,1,1,1,1,-,1,Athapaskan-Eyak-Tlingit
Sep.YELLOW_RIVER.NAMIA,0,1,0,1,0,1,-,1,Sepik
AuA.MUNDA.MUNDARI_2,1,1,1,1,1,1,1,1,Austroasiatic
AA.WEST_CHADIC.MUPUN,0,0,0,0,0,0,0,1,Afro-Asiatic
An.OCEANIC.MUSSAU_EMIRA,1,0,0,0,1,0,0,1,Austronesian
Aus.MANGARRAYI.MANGARAYI,0,0,1,-,-,1,0,1,Mangarrayi-Maran
NC.UBANGI.MAYOGO,1,0,0,0,0,0,0,1,Atlantic-Congo
OM.MIXTECAN.MIXTECO_DE_YOSONDUA,0,0,0,0,1,0,0,0,Otomanguean
OM.MIXTECAN.CHALCATONGO_MIXTEC,0,0,0,0,1,0,0,0,Otomanguean
ESu.SURMIC.MURLE,0,-,0,0,0,0,0,0,Surmic
AA.BIU_MANDARA.MARGI,0,0,0,0,0,0,0,1,Afro-Asiatic
NC.BANTOID.NDONGA_2,0,0,0,0,0,0,0,1,Atlantic-Congo
An.OCEANIC.MANAM,0,1,0,0,0,1,0,1,Austronesian
AA.WEST_CHADIC.NGIZIM,0,0,0,0,0,0,0,1,Afro-Asiatic
An.OCEANIC.MALEU_2,0,0,0,-,0,0,0,1,Austronesian
An.GREATER_CENTRAL_PHILIPPINE.MAMANWA,-,0,1,0,1,0,0,0,Austronesian
NC.BANTOID.CHINGONI,0,0,0,0,0,0,0,1,Atlantic-Congo
An.CELEBIC.KADATUA,0,0,0,0,1,0,0,0,Austronesian
CSu.BONGO_BAGIRMI.NGAMBAY,0,0,0,0,0,0,0,1,Central_Sudanic
ST.CHINESE.MANDARIN,1,-,1,1,1,0,1,1,Sino-Tibetan
An.CENTRAL_MALAYO_POLYNESIAN.MANGGARAI,0,0,0,0,1,0,0,1,Austronesian
Ura.UGRIC.MANSI,1,1,1,1,1,1,1,1,Uralic
NC.NORTHERN_ATLANTIC.NDUT_FALOR,0,0,0,0,0,0,0,1,Atlantic-Congo
An.OCEANIC.MONO,0,-,1,-,-,-,0,-,Austronesian
AA.BIU_MANDARA.MOFU_GUDUR,0,0,0,0,0,0,0,1,Afro-Asiatic
An.OCEANIC.MOKILESE,0,0,0,-,0,0,0,-,Austronesian
CSu.MORU_MAADI.AGI,0,1,0,0,0,-,0,1,Central_Sudanic
An.OCEANIC.NEHAN,0,0,0,0,1,0,0,1,Austronesian
TNG.OK.MIAN,0,1,0,1,0,1,-,1,Nuclear_Trans_New_Guinea
CSu.MORU_MAADI.MAADI,0,1,0,-,0,-,0,1,Central_Sudanic
Mab.MABAN.MABA_CHAD,0,1,0,-,0,1,0,1,Maban
Que.QUECHUAN.QUECHUA_IMBABURA,1,1,1,1,1,1,1,1,Quechuan
NC.BANTOID.KWANGALI_2,0,0,0,0,0,0,0,1,Atlantic-Congo
An.OCEANIC.KIRIBATI,0,0,0,0,1,0,0,0,Austronesian
Alt.TURKIC.KARACHAY_BALKAR,1,1,1,1,1,1,1,1,Turkic
IE.IRANIAN.KURDISH_KURMANJI,0,0,-,0,1,1,0,1,Indo-European
Kri.KARIRI.KARIRI,0,0,1,0,1,0,0,0,Unclassifiable
NC.BANTOID.PARE_TANZANIA,0,0,1,0,0,0,0,1,Atlantic-Congo
KK.KHOE_KWADI.KORANA,1,1,1,1,1,1,-,-,Khoe-Kwadi
An.OCEANIC.KAIRIRU,0,-,0,0,0,1,0,1,Austronesian
IE.SLAVIC.POLISH,1,0,1,0,1,0,0,-,Indo-European
Son.SONGHAY.KOROBORO_SENNI,0,1,0,1,0,1,0,1,Songhay
ST.KAREN.KAREN_SGAW,0,0,0,1,0,0,0,1,Sino-Tibetan
An.OCEANIC.POHNPEIAN,0,0,0,-,0,0,0,1,Austronesian
AA.BIU_MANDARA.PODOKO,-,0,1,0,0,0,0,0,Afro-Asiatic
Ura.UGRIC.KHANTY,1,1,1,1,1,1,1,1,Uralic
UA.NUMIC.NORTHERN_PAIUTE_BANNOCK,1,-,1,1,1,1,0,1,Uto-Aztecan
Kuo.KUOT.KUOT,0,0,1,0,1,0,0,0,Kuot
Ktn.KUTENAI.KUTENAI,-,-,1,0,1,0,-,0,Kutenai
Dra.SOUTH_CENTRAL_DRAVIDIAN.KUVI,1,1,1,1,1,1,1,1,Dravidian
An.CENTRAL_MALAYO_POLYNESIAN.ELPAPUTIH_SERAM_3,0,0,0,1,0,0,0,1,Austronesian
AuA.PALAUNG_KHMUIC.RUMAI,0,0,0,0,-,0,0,1,Austroasiatic
ST.KAREN.KAREN_PWO_EASTERN,0,0,0,1,0,0,0,1,Sino-Tibetan
IE.IRANIAN.PERSIAN,0,0,1,0,1,1,0,1,Indo-European
IE.IRANIAN.LAKKI_MARWAT_PASHTO,1,1,1,1,1,1,0,1,Indo-European
An.OCEANIC.PULUWATESE,0,0,0,1,1,0,0,1,Austronesian
AA.LOWLAND_EAST_CUSHITIC.AFAR,1,1,1,1,1,1,1,1,Afro-Asiatic
Tar.TARASCAN.TARASCAN,0,-,1,-,1,0,0,1,Tarascan
Tor.MARIENBERG.KAMASAU,0,1,0,1,0,1,-,1,Nuclear_Torricelli
Aus.PAMA_NYUNGAN.KUKU_UWANH,0,1,0,0,0,1,0,1,Pama-Nyungan
Dra.SOUTHERN_DRAVIDIAN.KANNADA,1,1,1,1,1,1,-,1,Dravidian
AA.WEST_CHADIC.DERA,-,0,0,0,0,0,0,1,Afro-Asiatic
Knm.KUNAMA.ILIT,0,1,0,1,0,1,0,1,Kunama
Sah.WESTERN_SAHARAN.KANURI,0,1,0,0,0,1,0,1,Saharan
An.OCEANIC.KUSAIE,0,0,0,0,0,0,0,1,Austronesian
Mus.MUSKOGEAN.KOASATI,0,1,1,1,0,1,-,1,Muskogean
TNG.MADANG.KOBON,0,1,0,1,0,1,-,1,Nuclear_Trans_New_Guinea
ESu.SURMIC.KWEGU,0,0,0,0,0,0,0,1,Surmic
An.OCEANIC.PORT_SANDWICH,0,0,0,0,0,0,0,1,Austronesian
Kor.KOREAN.KOREAN,1,1,1,1,1,1,1,1,Koreanic
ESu.NILOTIC.POKOT,0,0,-,0,0,0,0,0,Nilotic
Sep.MIDDLE_SEPIK.KWOMA,1,1,1,1,1,1,1,1,Sepik
ESu.NILOTIC.MAASAI,0,0,1,0,0,0,0,0,Nilotic
KF.KWOMTARI.KWOMTARI,-,1,1,1,0,1,1,1,Kwomtari-Nai
CSu.MORU_MAADI.LOGO,0,1,0,1,0,-,0,1,Central_Sudanic
An.OCEANIC.LONGGU,0,0,0,0,1,0,0,0,Austronesian
OM.OTOMIAN.OTOMI_MEZQUITAL,1,0,1,0,1,0,0,0,Otomanguean
ST.BURMESE_LOLO.LISU,0,1,0,1,0,1,1,1,Sino-Tibetan
IE.BALTIC.LITHUANIAN,1,0,1,1,1,0,0,1,Indo-European
Sio.SIOUAN.LAKOTA,0,1,-,-,0,1,-,1,Siouan
AA.BIU_MANDARA.LAMANG_HITKALANCHI,0,0,-,0,0,0,0,0,Afro-Asiatic
An.CENTRAL_MALAYO_POLYNESIAN.LAMAHOLOT_ILE_MANDIRI,0,-,0,-,0,0,0,1,Austronesian
IE.INDIC.LAMANI,1,1,1,1,1,1,1,1,Indo-European
An.LAMPUNGIC.LAMPUNG,0,0,0,0,1,0,0,1,Austronesian
NC.UBANGI.LINDA,1,0,0,0,0,0,0,1,Atlantic-Congo
An.OCEANIC.LONIU,0,0,0,0,0,0,0,1,Austronesian
AA.LOWLAND_EAST_CUSHITIC.EASTERN_OROMO_2,0,1,0,0,0,1,0,1,Afro-Asiatic
CSu.MORU_MAADI.LUGBARA,0,1,0,1,0,-,0,1,Central_Sudanic
UA.TAKIC.LUISENO,0,1,1,1,1,-,0,1,Uto-Aztecan
UA.TEPIMAN.TOHONO_OODHAM,1,-,1,-,1,0,0,0,Uto-Aztecan
ESu.NILOTIC.LUO,0,0,0,0,0,0,0,1,Nilotic
NC.BANTOID.K14_LWENA_2,0,0,0,0,0,0,0,1,Atlantic-Congo
NDa.LEZGIC.KUBA_LEZGI,1,1,1,1,1,1,1,1,Nakh-Daghestanian
An.OCEANIC.LEWO_VISINA,0,0,0,0,0,0,0,1,Austronesian
An.CENTRAL_MALAYO_POLYNESIAN.LETINESE,0,0,0,1,0,0,0,1,Austronesian
ST.BURMESE_LOLO.LALO,0,1,0,1,0,1,-,1,Sino-Tibetan
Aus.PAMA_NYUNGAN.WANGKA_WIRU,0,1,0,1,0,1,-,1,Pama-Nyungan
Aus.PAMA_NYUNGAN.KOKO_YALANDJI,0,0,-,-,1,1,-,1,Pama-Nyungan
ST.KAREN.KAYAH_LI_EASTERN,0,-,0,1,0,0,0,1,Sino-Tibetan
Aru.ARAUAN.PAUMARI,0,1,1,1,0,-,0,0,Arawan
An.OCEANIC.LABU,0,0,0,1,0,0,0,1,Austronesian
An.OCEANIC.BUANG,0,0,0,1,0,0,0,1,Austronesian
ST.BURMESE_LOLO.LAHU_2,-,1,0,1,0,1,1,1,Sino-Tibetan
ST.KUKI_CHIN.CHIN_HAKA,-,1,-,1,0,1,-,1,Sino-Tibetan
ESu.NILOTIC.LANGO,0,0,0,0,0,0,0,1,Nilotic
An.OCEANIC.LENAKEL_LONASILIAN,0,0,0,0,0,0,0,1,Austronesian
TK.KAM_TAI.LAO,0,0,0,0,0,0,0,1,Tai-Kadai
IE.INDIC.PUNJABI_MAJHI,1,1,1,1,1,1,-,1,Indo-European
NC.BANTOID.LUNDA_1,0,0,-,0,0,0,0,1,Atlantic-Congo
CSu.LENDU.LENDU,1,1,1,1,1,-,-,1,Central_Sudanic
An.PALAUAN.PALAUAN,1,0,1,0,1,0,0,1,Austronesian
An.PAIWAN.BUTANGLU_PAIWAN,0,0,1,0,0,0,0,0,Austronesian
An.OCEANIC.DEHU,0,0,0,0,1,0,0,-,Austronesian
Sep.MIDDLE_SEPIK.HANGA_HUNDI,1,1,1,1,-,1,1,1,Ndu
OM.MIXTECAN.MIXTEC_PENYOLES,0,0,-,0,1,0,0,0,Otomanguean
Iro.SOUTHERN_IROQUOIAN.CHEROKEE,1,1,1,1,1,1,1,-,Iroquoian
AuA.BAHNARIC.CHRAU,0,0,0,0,1,0,0,1,Austroasiatic
Yka.YUKAGHIR.KOLYMA_YUKAGIR,1,1,1,1,1,1,1,1,Yukaghir
OM.CHINANTECAN.CHINANTEC_QUIOTEPEC,0,0,-,0,1,0,0,0,Otomanguean
TNG.MEK.UNA,0,1,1,1,0,1,1,1,Nuclear_Trans_New_Guinea
ST.BODIC.CHANTYAL,1,1,1,1,1,1,1,1,Sino-Tibetan
CK.NORTHERN_CHUKOTKO_KAMCHATKAN.CHUKCHEE,1,1,1,1,1,1,-,1,Chukotko-Kamchatkan
TNG.KOIARIAN.BARAI,0,1,0,1,0,1,0,1,Koiarian
Hok.CHIMARIKO.CHIMARIKO,0,1,-,1,0,1,-,1,Chimariko
AA.SEMITIC.GETO,1,-,0,1,1,1,1,1,Afro-Asiatic
An.OCEANIC.ULITHIAN,0,0,0,1,1,0,0,1,Austronesian
ST.NORTHERN_NAGA.NAGA_CHANG,-,1,1,1,0,1,-,1,Sino-Tibetan
An.SOUTH_HALMAHERA_WEST_NEW_GUINEA.AMBAI,0,0,0,1,0,0,0,1,Austronesian
OM.CHINANTECAN.CHINANTEC_COMALTEPEC,0,0,0,0,1,0,0,0,Otomanguean
AA.SEMITIC.MOROCCAN_ARABIC_2,0,0,1,0,1,0,0,0,Afro-Asiatic
NDa.NAKH.AKKIN_CHECHEN,1,1,1,1,1,1,1,1,Nakh-Daghestanian
UA.TEPIMAN.NORTHERN_TEPEHUAN,-,1,1,1,1,0,0,0,Uto-Aztecan
An.CHAMORRO.CHAMORRO,1,0,1,0,1,0,0,0,Austronesian
AA.BIU_MANDARA.WUZLAM,0,0,0,0,0,0,0,1,Afro-Asiatic
Tac.TACANAN.ARAONA,0,1,1,1,-,1,0,1,Pano-Tacanan
An.OCEANIC.CEMUHI,0,0,0,0,0,0,0,0,Austronesian
An.OCEANIC.WOLEAIAN,0,0,0,-,1,0,0,1,Austronesian
AA.WEST_CHADIC.ANGAS,0,0,0,0,0,0,0,1,Afro-Asiatic
Chi.TALAMANCA.TERIBE,0,1,0,1,0,1,0,1,Chibchan
Car.CARIBAN.MAQUIRITARI,0,1,1,1,1,1,0,1,Cariban
ST.KUKI_CHIN.CHIN_SIYIN,-,1,1,1,0,1,1,1,Sino-Tibetan
Aus.WORORAN.NGARINYIN,0,1,0,-,0,1,0,1,Worrorran
NC.EDOID.EDO,0,0,0,0,0,0,0,1,Atlantic-Congo
Alt.TURKIC.CHUVASH,1,1,1,1,1,1,1,1,Turkic
Yuc.YUCHI.YUCHI,0,1,1,1,0,1,0,1,Yuchi
May.MAYAN.CHONTAL_TABASCO,1,0,-,0,1,0,0,0,Mayan
NC.SOUTHERN_ATLANTIC.THEMNE,0,0,0,0,0,0,0,1,Atlantic-Congo
ST.KUKI_CHIN.LAKHER_MARA,0,1,-,1,0,1,-,1,Sino-Tibetan
UA.NUMIC.COMANCHE,1,1,1,1,1,1,0,1,Uto-Aztecan
An.OCEANIC.TONGAN,0,0,0,0,0,0,0,0,Austronesian
Aus.PAMA_NYUNGAN.ALYAWARRA,0,1,0,0,0,1,0,1,Pama-Nyungan
UA.NUMIC.UTE_2,-,1,-,1,1,-,0,1,Uto-Aztecan
An.OCEANIC.TUNGAK,0,0,0,0,1,0,0,1,Austronesian
CSu.BONGO_BAGIRMI.BAGIRMI,0,0,0,0,0,0,0,1,Central_Sudanic
Alt.TURKIC.TURKISH,1,1,1,1,1,1,1,1,Turkic
An.SULAWESI.TONDANO,0,0,0,0,-,0,0,-,Austronesian
Sep.MIDDLE_SEPIK.MAPRIK,1,1,1,1,0,1,1,1,Ndu
NC.DEFOID.YORUBA,0,0,0,0,0,0,0,1,Atlantic-Congo
TNG.MADANG.AMELE,0,1,0,1,0,1,0,1,Nuclear_Trans_New_Guinea
An.MALAYO_SUMBAWAN.URAK_LAWOI,0,0,0,0,-,0,0,1,Austronesian
AA.BERBER.TAMAZIGHT_CENTRAL_ATLAS_AYT_NDHIR,0,0,-,0,1,0,0,0,Afro-Asiatic
NC.BANTOID.CEWA,0,0,0,0,0,0,0,1,Atlantic-Congo
AA.SEMITIC.AMHARIC,1,-,1,1,1,1,1,1,Afro-Asiatic
An.EAST_FORMOSAN.FARANG_AMIS,1,0,1,0,1,0,1,0,Austronesian
IE.INDIC.URDU,1,1,1,1,1,1,-,1,Indo-European
An.OCEANIC.EAST_AMBAE_LOLOMATUI,0,0,0,0,0,0,0,1,Austronesian
Mus.MUSKOGEAN.CHOCTAW,-,1,0,1,0,1,-,1,Muskogean
OM.MIXTECAN.TRIQUI_COPALA,0,0,0,0,1,0,0,0,Otomanguean
ESu.NILOTIC.TURKANA,0,0,0,0,0,0,0,0,Nilotic
AA.BIU_MANDARA.BUDUMA,0,0,0,0,0,0,0,1,Afro-Asiatic
ST.BURMESE_LOLO.BURMESE,0,1,1,1,0,1,1,1,Sino-Tibetan
AA.SEMITIC.ARABIC_GULF_SPOKEN,0,0,-,0,-,0,0,1,Afro-Asiatic
IE.ARMENIAN.EASTERN_ARMENIAN,1,1,1,1,1,-,-,1,Indo-European
An.OCEANIC.AROSI_TAWATANA,0,0,0,0,1,0,0,1,Austronesian
AA.SOUTHERN_CUSHITIC.BURUNGE,0,-,-,0,0,0,0,1,Afro-Asiatic
Brs.BURUSHASKI.BURUSHASKI,1,1,1,1,1,1,1,1,Burushaski
Alt.TURKIC.KAZAN_TATAR,1,1,1,1,1,1,1,1,Turkic
An.OCEANIC.TEANU,0,0,0,0,0,0,0,1,Austronesian
IE.SLAVIC.BULGARIAN,1,0,1,-,1,0,0,-,Indo-European
An.CENTRAL_MALAYO_POLYNESIAN.TETUN,0,0,0,1,0,0,0,1,Austronesian
NDa.NAKH.BATS,1,1,1,1,1,1,1,1,Nakh-Daghestanian
Sen.SENAGI.ANGOR,0,1,0,1,0,1,0,1,Senagi
Tuc.TUCANOAN.BARASANO,-,1,1,1,1,1,0,-,Tucanoan
An.CELEBIC.TUKANG_BESI_SOUTHERN,0,0,0,0,0,0,-,0,Austronesian
An.NORTHWEST_SUMATRA_BARRIER_ISLANDS.TOBA_BATAK,0,0,0,0,-,0,0,0,Austronesian
UA.CAHITA.YAQUI_2,1,1,1,1,1,1,0,1,Uto-Aztecan
An.YAPESE.YAPESE,0,0,0,0,1,0,0,0,Austronesian
AA.SEMITIC.SYRIAN_ARABIC,0,0,-,0,-,0,0,-,Afro-Asiatic
An.OCEANIC.TUVALUAN,0,0,0,0,1,1,0,0,Austronesian
Bas.BASQUE.BASQUE,0,1,0,1,1,1,1,1,Basque
TNG.MEK.YALE_KOSAREK,0,1,0,1,0,1,1,1,Nuclear_Trans_New_Guinea
Alt.TURKIC.BASHKIR,1,1,1,1,1,1,1,1,Turkic
NC.BANTOID.XHOSA_2,0,0,-,0,0,0,0,1,Atlantic-Congo
An.CENTRAL_MALAYO_POLYNESIAN.BURU_MASARETE,0,0,0,1,0,0,0,1,Austronesian
Aus.PAMA_NYUNGAN.YIDINY,0,-,-,1,0,1,-,1,Pama-Nyungan
NWC.NORTHWEST_CAUCASIAN.UBYKH,1,1,-,1,1,1,1,1,Abkhaz-Adyge
An.OCEANIC.ANEITYUM_2,0,0,0,0,0,0,0,0,Austronesian
Sep.RAM.AWTUW,0,1,1,1,0,1,1,1,Sepik
Bar.BARBACOAN.COLORADO,1,1,1,1,1,1,1,1,Barbacoan
UA.NUMIC.PANAMINT,1,-,-,1,1,1,-,1,Uto-Aztecan
ESu.NILOTIC.ANYUAK,0,0,-,0,0,-,0,-,Nilotic
ST.KUKI_CHIN.NAGA_AO,0,1,0,1,0,1,-,1,Sino-Tibetan
Pen.TSIMSHIANIC.COAST_TSIMSHIAN,1,0,0,0,1,0,0,0,Tsimshian
IE.CELTIC.BRETON,0,0,0,0,1,0,0,0,Indo-European
AA.BERBER.TARIFIT_GUELAIA,0,0,0,0,1,0,0,1,Afro-Asiatic
ST.TANI.APATANI,0,1,1,1,0,1,1,1,Sino-Tibetan
Arw.PURUS.APURINA,0,1,1,1,1,-,0,1,Arawakan
Man.WESTERN_MANDE.XAASONGAXANGO,0,1,1,1,0,1,-,1,Mande
AA.BERBER.TAMASHEQ,0,0,0,0,1,0,0,0,Afro-Asiatic
Arw.NORTHERN_ARAWAKAN.LOKONO,1,1,1,1,1,0,-,-,Arawakan
ST.BODIC.BYANSI,1,1,1,1,1,1,-,1,Sino-Tibetan
An.SAMA_BAJAW.BAJAU_WEST_COAST,0,0,0,0,1,0,0,-,Austronesian
An.OCEANIC.VITU,0,0,0,0,0,0,0,1,Austronesian
Tor.KOMBIO_ARAPESH.KOMBIO,0,0,0,0,0,0,0,1,Nuclear_Torricelli
ST.CHINESE.CANTONESE,1,-,1,1,1,0,1,1,Sino-Tibetan
OM.CHINANTECAN.LEALAO_CHINANTEC,0,0,0,0,1,0,0,0,Otomanguean
Urr.URARINA.URARINA,0,1,1,1,1,1,1,0,Urarina
NC.UBANGI.BARAMBU,1,0,0,0,0,0,0,-,Atlantic-Congo
Alt.MONGOLIC.TACHENG_DAGUR,1,1,1,1,1,1,1,1,Mongolic
Aus.TIWIAN.TIWI,1,0,1,1,1,0,0,1,Tiwi
ST.BURMESE_LOLO.XIANDAO,-,1,0,1,0,1,1,1,Sino-Tibetan
Tor.WAPEI_PALEI.WALMAN,0,1,0,-,0,0,0,1,Nuclear_Torricelli
IE.IRANIAN.ISHKOMAN_WAKHI,1,-,1,1,1,1,0,1,Indo-European
AA.EAST_CHADIC.BIDIYA,0,0,0,0,0,0,0,1,Afro-Asiatic
WP.NORTH_HALMAHERAN.WEST_MAKIAN,0,0,0,1,0,0,0,1,North_Halmahera
Tuc.TUCANOAN.DESANO,1,1,1,1,-,1,0,1,Tucanoan
NC.KWA.ADIOUKROU,0,1,0,1,0,0,0,1,Atlantic-Congo
Dog.DOGON.DOGON_DONNO_SO,0,1,0,1,0,1,-,1,Dogon
An.OCEANIC.VINMAVIS,0,0,0,0,0,0,0,1,Austronesian
Alt.TURKIC.TURKMEN,1,1,1,1,1,1,1,1,Turkic
An.SOUTH_HALMAHERA_WEST_NEW_GUINEA.BIAK_2,0,0,0,1,0,0,0,1,Austronesian
An.OCEANIC.ADZERA,0,0,0,1,0,0,0,1,Austronesian
ST.BAI.JIANCHUAN_BAI_2,1,-,0,1,0,0,1,1,Sino-Tibetan
An.OCEANIC.TOLAI,-,0,1,0,1,0,0,-,Austronesian
Dag.DAGAN.DAGA,0,1,0,1,0,1,0,1,Dagan
IE.SLAVIC.CZECH,1,0,1,-,1,0,0,1,Indo-European
AA.SEMITIC.CAIRO_ARABIC,0,0,0,0,-,0,0,1,Afro-Asiatic
SoP.BILUA.BILUA,1,1,1,1,1,0,-,-,Bilua
OM.ZAPOTECAN.CHATINO_WESTERN_HIGHLAND,0,0,0,0,1,0,0,0,Otomanguean
An.OCEANIC.GRAND_COULI,1,0,0,0,1,0,0,-,Austronesian
An.NORTH_BORNEO.TIMUGON_MURUT,0,0,0,0,1,0,0,0,Austronesian
ST.DHIMALIC.DHIMAL,1,1,1,1,1,1,1,1,Sino-Tibetan
ESu.SURMIC.DIDINGA,0,0,0,0,0,0,0,0,Surmic
Alt.MONGOLIC.KHAMNIGAN_MONGOL,0,0,1,0,1,0,0,0,Mongolic
ST.BODIC.TSHANGLA,1,1,1,1,0,1,1,1,Sino-Tibetan
IE.CELTIC.WELSH,0,0,0,0,1,0,0,0,Indo-European
AA.SEMITIC.TIGRE,1,0,-,0,1,1,1,1,Afro-Asiatic
NWC.NORTHWEST_CAUCASIAN.ABKHAZ,0,1,1,1,-,1,1,1,Abkhaz-Adyge
Mat.MATACOAN.WICHI_LHAMTES_GUISNAY,0,0,0,1,1,0,0,1,Matacoan
TNG.AWJU_DUMUT.WAMBON,0,1,1,1,-,1,-,1,Nuclear_Trans_New_Guinea
TK.KAM_TAI.KHORAT_THAI,0,0,0,0,0,0,0,1,Tai-Kadai
WP.NORTH_CENTRAL_BIRDS_HEAD.ABUN,0,0,0,1,0,0,0,1,Abun
Sen.SENAGI.AMGOTRO,-,1,1,1,0,1,-,1,Senagi
TAP.GREATER_ALOR.ABUI_TAKALELANG,0,-,1,1,0,1,0,1,Timor-Alor-Pantar
An.MALAYO_SUMBAWAN.ACEH,0,0,0,0,1,-,0,-,Austronesian
ST.MAHAKIRANTI.THULUNG,1,1,1,1,1,1,1,1,Sino-Tibetan
Aus.PAMA_NYUNGAN.THAYORE,0,-,0,0,0,1,0,1,Pama-Nyungan
WP.NORTH_HALMAHERAN.TIDORE,0,0,0,1,0,0,0,1,North_Halmahera
NC.NORTHERN_ATLANTIC.WOLOF,0,0,0,0,1,0,0,1,Atlantic-Congo
An.CELEBIC.WOLIO,0,0,1,0,1,0,0,0,Austronesian
NC.NORTHERN_ATLANTIC.JOLA,0,0,0,0,0,0,0,1,Atlantic-Congo
ESu.NILOTIC.DINKA_NORTHEASTERN,0,-,-,0,0,-,0,1,Nilotic
MZ.MIXE_ZOQUE.MIGUEL_CHIMALAPA,1,1,1,1,1,0,0,1,Mixe-Zoque
Hok.YUMAN.DIEGUENO,-,1,0,1,0,1,-,1,Cochimi-Yuman
OM.ZAPOTECAN.ISTHMUS_ZAPOTEC,0,0,0,0,1,0,0,0,Otomanguean
CSu.BONGO_BAGIRMI.YULU,0,0,0,0,0,0,0,1,Central_Sudanic
CSu.BONGO_BAGIRMI.BAKA_SUDAN,1,0,0,0,0,0,0,1,Central_Sudanic
Man.WESTERN_MANDE.VAI,0,1,0,1,0,1,-,1,Mande
An.NORTHWEST_SUMATRA_BARRIER_ISLANDS.KARO_BATAK,0,0,0,0,1,0,0,-,Austronesian
Dra.SOUTHERN_DRAVIDIAN.TAMIL,1,1,1,1,1,1,1,1,Dravidian
Alg.YUROK.YUROK,1,-,1,1,1,-,-,1,Algic
Ain.AINU.AINU_HOROBETSU,1,1,1,1,1,1,1,1,Ainu
IE.INDIC.NAWAR_ZUTT,1,0,1,1,1,0,0,0,Indo-European
Alg.ALGONQUIAN.BLACKFOOT,1,-,1,1,1,0,-,-,Algic
IE.CELTIC.CORNISH,0,0,0,0,1,0,0,1,Indo-European
ST.BURMESE_LOLO.GELANGHE_AKHA,0,1,0,1,0,1,1,1,Sino-Tibetan
ESu.NILOTIC.NGYEPU,0,0,1,0,0,0,0,1,Nilotic
Sep.SEPIK_HILL.ALAMBLAK,1,1,1,1,1,1,1,1,Sepik
IE.ALBANIAN.ALBANIAN_GHEG,0,0,1,0,1,0,0,1,Indo-European
An.OCEANIC.AROP_LOKEP,0,0,0,-,0,0,0,1,Austronesian
OM.CHINANTECAN.CHINANTEC_PALANTLA,0,0,0,0,1,0,0,0,Otomanguean
Man.WESTERN_MANDE.BAMBARA,0,1,-,1,0,1,-,1,Mande
ST.BODIC.TIBETAN_CENTRAL,0,1,0,1,0,1,1,1,Sino-Tibetan
UA.CORACHOL.EL_NAYAR_CORA,0,1,1,-,1,0,0,0,Uto-Aztecan
AA.EGYPTIAN_COPTIC.COPTIC,0,0,-,0,1,0,0,1,Afro-Asiatic
OC.COOSAN.HANIS_COOS,1,1,1,-,1,-,0,0,Coosan
PY.PEBA_YAGUAN.YAGUA,0,1,1,1,1,0,0,0,Peba-Yagua
Sah.EASTERN_SAHARAN.BERIA,0,1,0,-,0,1,0,1,Saharan
AuA.VIET_MUONG.VIETNAMESE_3,0,0,0,0,1,0,0,1,Austroasiatic
ST.KUKI_CHIN.NAGA_CHOKRI,0,1,0,1,0,1,0,1,Sino-Tibetan
IE.ROMANCE.CATALAN,0,0,1,0,1,0,0,-,Indo-European
NC.PLATOID.TAHOSS,0,0,0,0,0,0,0,1,Atlantic-Congo
NDe.TLINGIT.TLINGIT,-,1,1,1,1,1,1,1,Athapaskan-Eyak-Tlingit
OM.SUBTIABA_TLAPANEC.TLAPANEC_MALINALTEPEC,0,0,0,0,1,0,0,0,Otomanguean
ST.LEPCHA.LEPCHA,0,1,1,1,0,1,-,1,Sino-Tibetan
ESu.NILOTIC.PARI,0,0,-,0,0,1,0,1,Nilotic
NDe.ATHAPASKAN.KOYUKON,0,1,1,1,-,1,-,1,Athapaskan-Eyak-Tlingit
War.WARAO.WARAO,0,1,1,1,0,1,-,1,Warao
AA.BEJA.BEJA_2,-,1,-,1,-,1,0,1,Afro-Asiatic
NDa.AVAR_ANDIC_TSEZIC.AVAR,1,1,1,1,1,1,-,1,Nakh-Daghestanian
Aus.YANGMANIC.WARDAMAN,0,1,1,-,1,-,-,-,Yangmanic
NC.BANTOID.LUGANDA,0,0,0,0,0,-,0,1,Atlantic-Congo
Arw.BOLIVIA_PARANA.BAURE,0,-,1,0,1,0,0,0,Arawakan
An.OCEANIC.PAAMA_LAUL,0,0,-,0,0,0,0,1,Austronesian
Arw.EASTERN_ARAWAKAN.PALIKUR,0,0,1,1,1,0,-,1,Arawakan
NC.BANTOID.VALANGI,0,0,0,0,0,0,-,1,Atlantic-Congo
Cad.CADDOAN.WICHITA,0,-,1,-,1,1,0,-,Caddoan
NC.UBANGI.BAKA_2,1,0,0,0,0,0,-,1,Atlantic-Congo
AA.WEST_CHADIC.PAANCI,1,0,-,0,0,0,0,1,Afro-Asiatic
An.SAMA_BAJAW.INDONESIAN_BAJAU,0,0,0,0,-,0,0,-,Austronesian
ST.KUKI_CHIN.NAGA_LOTHA,0,1,0,1,0,1,-,1,Sino-Tibetan
IE.INDIC.KUMAUNI,1,1,1,1,1,1,-,1,Indo-European
Tor.WAPEI_PALEI.AU,0,0,0,-,0,0,-,1,Nuclear_Torricelli
Teb.TEBERAN.FOLOPA,-,1,1,1,-,1,-,1,Teberan
SoP.LAVUKALEVE.LAVUKALEVE,0,1,-,1,0,1,-,1,Lavukaleve
AA.BIU_MANDARA.LAGWAN,0,0,-,0,0,0,-,1,Afro-Asiatic
Sal.BELLA_COOLA.BELLA_COOLA,1,0,0,0,-,0,0,0,Salishan
AA.WEST_CHADIC.PERO,0,0,-,0,0,0,0,1,Afro-Asiatic
ST.MAHAKIRANTI.MEWA_KHOLA_LIMBU,1,-,1,1,1,1,1,1,Sino-Tibetan
Sio.SIOUAN.OSAGE,0,1,-,1,-,1,-,1,Siouan
TNG.MADANG.WASKIA,0,1,0,1,0,1,-,1,Nuclear_Trans_New_Guinea
NC.KWA.BUEM_LELEMI,0,1,0,1,0,0,-,1,Atlantic-Congo
Gcu.SOUTH_GUAICURUAN.PILAGA,0,-,1,0,-,0,0,0,Guaicuruan
Bar.BARBACOAN.AWA_PIT,1,1,1,1,1,1,-,1,Barbacoan
An.OCEANIC.XARACUU,1,0,0,-,1,0,-,1,Austronesian
May.MAYAN.LACANDON,1,0,1,0,1,0,-,-,Mayan
IE.IRANIAN.DIGOR_OSSETIAN,1,1,1,1,1,1,-,1,Indo-European
Aym.AYMARAN.HUACANA,1,1,1,1,1,1,-,1,Aymaran
Pae.PAEZAN.PAEZ,0,1,1,1,1,1,-,1,Paez
NC.BANTOID.BASAA,0,0,0,0,0,0,-,1,Atlantic-Congo
NC.BANTOID.BABUNGO,0,0,0,-,0,0,0,1,Atlantic-Congo
UA.AZTECAN.PIPIL,1,0,-,0,1,0,0,0,Uto-Aztecan
UA.TEPIMAN.PIMA_BAJO,1,-,1,1,1,1,0,1,Uto-Aztecan
TAP.GREATER_ALOR.KAMANG_2,0,-,0,1,0,1,-,1,Timor-Alor-Pantar
Arw.NORTHERN_ARAWAKAN.BARE,0,1,1,1,1,0,-,-,Arawakan
KK.KHOE_KWADI.KXOE,1,1,1,1,1,1,-,1,Khoe-Kwadi
TNG.EASTERN_HIGHLANDS.AWA,1,-,1,1,1,1,1,1,Nuclear_Trans_New_Guinea
Aus.GUNWINYGIC.GUNWINGGU_GUN_DJEIHMI,-,-,-,1,-,1,-,1,Gunwinyguan
UA.NUMIC.KAWAIISU,1,1,-,-,-,-,0,-,Uto-Aztecan
Arw.NORTHERN_ARAWAKAN.WAREKENA,0,0,1,0,1,0,-,1,Arawakan
NC.BANTOID.BATANGA_BALUNDU,0,0,0,0,0,0,-,1,Atlantic-Congo
ST.MAHAKIRANTI.WAMBULE,1,1,1,1,1,1,-,1,Sino-Tibetan
Tup.TUPARI.MEKENS,0,1,1,1,-,1,-,1,Tupian
OM.ZAPOTECAN.ZAPOTEC_MITLA,0,0,0,0,1,0,-,0,Otomanguean
NC.UBANGI.ZANDE,1,0,-,-,0,0,-,1,Atlantic-Congo
NC.BANTOID.NDUMU_2,0,0,0,0,0,0,-,1,Atlantic-Congo
WP.KEBAR.MPUR,0,0,0,-,0,0,0,1,Mpur
An.NORTHERN_LUZON.AGTA,1,0,-,0,1,0,-,0,Austronesian
Aus.MURRINH_PATHA.MURRINH_PATHA_2,0,-,0,0,-,1,-,1,Southern_Daly
Aus.PAMA_NYUNGAN.GAMILARAAY,1,-,1,-,-,1,-,1,Pama-Nyungan
EB.EAST_BOUGAINVILLE.MOTUNA,0,-,1,1,0,1,0,1,South_Bougainville
Ura.SAMOYEDIC.NENETS,1,1,1,1,1,1,-,1,Uralic
An.SOUTH_HALMAHERA_WEST_NEW_GUINEA.MOR,0,0,0,1,0,0,-,1,Austronesian
NC.GUR.MOORE,0,-,-,1,0,0,-,1,Atlantic-Congo
AuA.MONIC.MON_2,0,0,0,0,0,0,-,1,Austroasiatic
NC.KRU.NEYO,0,-,0,1,0,-,0,1,Atlantic-Congo
Pen.SAHAPTIAN.NEZ_PERCE,1,-,1,1,1,-,0,-,Sahaptian
An.OCEANIC.MINAVEHA,0,1,-,1,0,1,-,1,Austronesian
Aus.PAMA_NYUNGAN.WANGAAYBUWAN_NGIYAMBAA,-,-,1,1,-,1,-,1,Pama-Nyungan
NC.KWA.TWI_ASANTE,0,-,0,1,0,0,-,1,Atlantic-Congo
Aus.SOUTHERN_DALY.NGANGIKURRUNGGURR,0,1,0,-,0,-,-,1,Southern_Daly
Aus.NGALAKAN.NGALAKAN,0,-,1,-,-,-,0,-,Gunwinyguan
An.OCEANIC.LALA,0,-,0,1,0,-,0,1,Austronesian
An.CENTRAL_MALAYO_POLYNESIAN.SAPOLEWA_SOOW_KWELE_ULUI_SERAM,0,0,0,1,0,0,-,1,Austronesian
Son.SONGHAY.DJENNE_CHIINI,0,1,0,1,0,-,-,1,Songhay
An.ATAYALIC.ATAYAL,-,0,0,0,1,0,-,0,Austronesian
AA.NORTH_OMOTIC.ZERGULLA,1,-,1,1,1,1,1,1,Ta-Ne-Omotic
An.OCEANIC.MELE,0,-,0,-,0,0,0,1,Austronesian
OM.ZAPOTECAN.ZAPOTEC_YATZACHI,0,0,0,0,1,0,-,0,Otomanguean
Gcu.SOUTH_GUAICURUAN.ABIPON,-,0,1,-,-,0,0,1,Guaicuruan
Zun.ZUNI.ZUNI,0,1,1,1,1,1,-,1,Zuni
Dra.SOUTHERN_DRAVIDIAN.MALAYALAM,1,-,1,1,1,1,1,1,Dravidian
An.BARITO.SAMIHIM,0,-,0,0,0,0,0,1,Austronesian
NC.BANTOID.ZULU_2,0,0,-,0,-,0,0,1,Atlantic-Congo
ESu.SURMIC.MURSI,0,-,-,0,0,0,0,1,Surmic
TNG.FINISTERRE_HUON.NABAK,0,1,0,1,0,1,-,1,Nuclear_Trans_New_Guinea
An.OCEANIC.NAKANAI_2,0,0,0,0,-,0,-,1,Austronesian
An.OCEANIC.NALIK,0,0,0,-,0,0,0,1,Austronesian
ESu.NILOTIC.ACHOLI,0,0,-,0,0,0,0,1,Nilotic
ESu.NARA.NARA,0,1,0,1,-,1,0,1,Nara
EB.EAST_BOUGAINVILLE.NASIOI,-,1,1,-,1,1,-,1,South_Bougainville
Sal.CENTRAL_SALISH.COWICHAN,1,0,1,0,1,0,-,0,Salishan
An.OCEANIC.MAISIN,0,1,0,1,-,1,-,1,Austronesian
An.OCEANIC.MUSOM_2,0,0,0,-,0,0,0,1,Austronesian
Krd.TALODI_PROPER.NGILE,0,-,-,0,0,0,0,-,Narrow_Talodi
Chi.GUAYMI.GUAYMI,0,1,0,1,0,1,-,1,Chibchan
TAP.GREATER_ALOR.ADANG_PITUNG,0,1,0,1,0,1,-,1,Timor-Alor-Pantar
AuA.NICOBARESE.CAR,1,0,1,0,1,0,-,0,Austroasiatic
ST.KUKI_CHIN.NAGA_TANGKHUL,0,-,0,1,0,1,1,1,Sino-Tibetan
An.OCEANIC.NORTH_EFATE_NGUNA,0,0,0,0,0,0,-,1,Austronesian
An.OCEANIC.MBULA_PAPUA_NEW_GUINEA,0,0,0,-,-,0,0,1,Austronesian
OC.ALSEA.ALSEA,1,0,1,1,1,0,-,0,Alsea
Aus.PAMA_NYUNGAN.NGAANYATJARRA,0,1,0,1,0,1,-,1,Pama-Nyungan
An.MALAYO_SUMBAWAN.MANADONESE,0,0,1,-,1,0,0,1,Austronesian
Sio.SIOUAN.MANDAN,0,1,-,1,0,1,-,1,Siouan
ST.BURMESE_LOLO.XIDE,0,1,0,1,0,1,-,1,Sino-Tibetan
NC.KWA.ANUFO,0,-,1,1,0,0,0,1,Atlantic-Congo
Man.WESTERN_MANDE.MENDE,0,1,0,1,0,1,-,1,Mande
Aus.NUNGGUBUYU.NUNGGUBUYU,-,-,1,-,-,-,0,-,Gunwinyguan
Gcu.SOUTH_GUAICURUAN.MOCOVI,-,-,1,-,1,0,0,0,Guaicuruan
Yel.YELE.YELETNYE,0,1,0,1,0,1,-,1,Yeli_Dnye
NC.CROSS_RIVER.OGBRONUAGUM,1,0,0,-,1,0,0,1,Atlantic-Congo
OM.OTOMIAN.OCUILTECO,1,0,1,-,1,0,-,1,Otomanguean
Alg.ALGONQUIAN.OTTAWA,-,-,1,1,1,0,0,0,Algic
NDa.LEZGIC.ARCHI_2,1,1,1,1,1,1,-,1,Nakh-Daghestanian
AA.MASA.MASANA,0,0,-,0,0,0,0,1,Afro-Asiatic
Yrb.YAREBAN.YAREBA,1,1,-,1,0,1,1,1,Yareban
Arc.ARAUCANIAN.MAPUDUNGUN_2,1,-,1,1,1,0,-,0,Araucanian
Tor.KOMBIO_ARAPESH.BUKIYIP,1,0,1,-,1,0,-,1,Nuclear_Torricelli
AA.SEMITIC.IRAQ_MUSLIM_BAGHDAD_ARABIC,0,0,-,0,1,0,0,1,Afro-Asiatic
IE.INDIC.MAITHILI,1,1,1,-,1,1,-,1,Indo-European
An.OCEANIC.MAE,0,0,0,0,0,0,-,1,Austronesian
TNG.KOIARIAN.AOMIE,0,1,1,1,0,1,-,1,Koiarian
ESu.SURMIC.MEEN,0,-,-,0,0,0,0,1,Surmic
AA.SEMITIC.MEHRI,0,0,-,0,-,0,0,-,Afro-Asiatic
MGe.GE_KAINGANG.PANARA,0,1,-,1,0,-,0,0,Nuclear-Macro-Je
Yka.YUKAGHIR.YUKAGHIR_TUNDRA,1,1,-,1,1,1,-,1,Yukaghir
Aus.WESTERN_DALY.MARANUNGGU,0,1,0,1,0,1,-,1,Western_Daly
TAP.MAKASAE_FATALUKU_OIRATA.MAKASAE,0,1,0,-,-,1,0,1,Timor-Alor-Pantar
An.OCEANIC.NIUE,0,0,-,0,1,0,0,0,Austronesian
Man.WESTERN_MANDE.MANDINKA,0,1,1,1,0,1,-,1,Mande
Pen.YOKUTS.YOKUTS_TINLINNEH,1,0,1,-,1,0,-,0,Yokutsan
ST.KUKI_CHIN.LUSHAI,0,1,-,1,0,1,-,1,Sino-Tibetan
Mis.MISUMALPAN.MISKITO,0,1,1,1,1,1,-,1,Misumalpan
Alt.TURKIC.SAKHA,1,1,1,1,-,1,1,1,Turkic
ST.KUKI_CHIN.KARBI,-,1,1,1,-,1,-,1,Sino-Tibetan
CSu.LENDU.NGITI,1,1,1,1,1,-,-,1,Central_Sudanic
ST.KUKI_CHIN.NAGA_MAO,0,-,-,1,0,1,1,1,Sino-Tibetan
HM.HMONG_MIEN.CHIANGRAI_MIEN,0,-,1,1,1,0,-,1,Hmong-Mien
Aus.PAMA_NYUNGAN.YINDJIBARNDI,-,-,1,1,1,0,-,1,Pama-Nyungan
Aus.PAMA_NYUNGAN.ARRERNTE_EASTERN,0,1,0,-,0,1,0,1,Pama-Nyungan
AA.SEMITIC.CLASSICAL_ARABIC,0,0,1,0,1,0,-,0,Afro-Asiatic
ST.BODIC.MAQU_TIBETAN,-,1,-,1,0,1,-,1,Sino-Tibetan
NC.UBANGI.NDUNGA,0,0,-,0,0,0,0,1,Atlantic-Congo
TNG.ANGAN.MENYA_2,0,1,0,1,0,1,-,1,Angan
Ane.ANEM.ANEM,0,0,0,-,0,0,-,1,Anem
HM.HMONG_MIEN.HUANGLUO_BUNU,0,-,0,1,1,0,-,1,Hmong-Mien
NC.ADAMAWA.DOOHWAAYAAYO,0,-,-,1,0,0,0,1,Atlantic-Congo
Tac.TACANAN.CAVINENA_1,0,1,-,1,1,-,0,-,Pano-Tacanan
NC.BANTOID.IWUM_WUUMBU_2,0,0,0,0,0,0,-,1,Atlantic-Congo
NC.BANTOID.M64_TONGA_2,0,-,0,0,0,0,0,1,Atlantic-Congo
NC.BANTOID.HAYA,0,0,0,-,0,0,0,1,Atlantic-Congo
Hua.HUAVEAN.HUAVE,1,0,1,0,-,0,0,0,Huavean
IE.SLAVIC.SLOVENIAN,1,0,1,-,1,0,-,1,Indo-European
UA.HOPI.HOPI,1,1,1,1,1,1,-,1,Uto-Aztecan
Mus.MUSKOGEAN.CREEK,0,1,1,1,0,1,-,1,Muskogean
NC.BANTOID.HUNDE,0,-,0,0,0,0,0,1,Atlantic-Congo
IE.INDIC.SHINA_2,1,1,1,1,1,1,-,1,Indo-European
ST.KUKI_CHIN.HMAR,0,1,-,1,0,1,-,1,Sino-Tibetan
Car.CARIBAN.HIXKARYANA,0,1,-,1,1,1,0,0,Cariban
An.GREATER_CENTRAL_PHILIPPINE.HILIGAYNON,-,0,1,0,1,0,-,0,Austronesian
Sio.SIOUAN.HIDATSA,0,1,0,1,-,1,0,1,Siouan
Yan.YANOMAM.SANIMA,0,1,1,1,-,1,-,1,Yanomamic
Wak.NORTHERN_WAKASHAN.HEILTSUK,1,0,1,0,-,0,0,0,Wakashan
Snt.SENTANI.SENTANI,0,1,1,1,0,1,-,1,Sentanic
ST.BURMESE_LOLO.DAZHAI_HANI,-,1,0,-,0,1,1,1,Sino-Tibetan
An.OCEANIC.PULO_ANNA,-,0,0,0,1,0,-,1,Austronesian
Tup.TUPI_GUARANI.KOKAMA,0,1,1,1,1,0,-,1,Tupian
LP.LAKES_PLAIN.IAU_2,-,1,0,1,0,1,0,1,Lakes_Plain
Tup.TUPI_GUARANI.TAPIETE,-,0,1,1,1,1,0,1,Tupian
Sko.WESTERN_SKOU.SKOU,0,1,0,1,0,1,-,1,Sko
CSu.BONGO_BAGIRMI.MODO,0,0,0,0,-,0,0,1,Central_Sudanic
NC.BANTOID.SOTHO_SUD,0,0,0,0,-,0,0,1,Atlantic-Congo
NC.BANTOID.ISANGU,0,-,0,0,0,0,0,1,Atlantic-Congo
ST.BODIC.SHERPA,0,1,1,1,0,1,-,1,Sino-Tibetan
Yan.YANOMAM.SHIRISHANA,0,1,1,1,1,1,-,1,Yanomamic
Pan.PANOAN.SHIPIBO,-,1,1,1,1,1,-,1,Pano-Tacanan
ESu.SURMIC.SURI_CHAI,0,1,-,0,0,-,-,1,Surmic
ESu.DAJU.SHATT,0,-,0,0,0,0,0,1,Dajuic
Aus.IWAIDJAN.IWAIDJA,1,-,1,1,1,0,-,1,Iwaidjan_Proper
CK.SOUTHERN_CHUKOTKO_KAMCHATKAN.N_ITELMEN,-,-,1,-,1,1,-,1,Chukotko-Kamchatkan
Car.CARIBAN.KALINA,1,1,1,1,1,1,-,1,Cariban
Pan.PANOAN.KASHIBO_BAJO_AGUAYTIA,0,1,1,1,0,1,-,1,Pano-Tacanan
An.SOUTH_HALMAHERA_WEST_NEW_GUINEA.IRARUTU,0,0,0,1,0,0,-,1,Austronesian
NC.BANTOID.L21_KETE_IPILA,0,0,0,-,0,0,0,1,Atlantic-Congo
IE.INDIC.TORWALI,1,1,1,1,1,1,-,1,Indo-European
Zap.ZAPAROAN.IQUITO,0,1,1,1,1,0,-,1,Zaparoan
Tru.TRUMAI.TRUMAI,-,1,1,1,1,-,-,1,Trumai
NDa.NAKH.INGUSH,1,1,1,1,1,-,1,1,Nakh-Daghestanian
NC.BANTOID.ILA,0,0,0,0,-,0,0,1,Atlantic-Congo
Chi.ARUAK.IKA,0,1,-,1,-,1,-,1,Chibchan
Ijo.IJOID.MEIN,1,-,1,1,1,1,1,1,Ijoid
OC.SIUSLAWAN.SIUSLAW,1,-,1,-,1,0,-,-,Siuslaw
ESu.EASTERN_JEBEL.INGASSANA,0,0,-,0,-,0,0,1,Eastern_Jebel
Tup.TUPI_GUARANI.GUARANI,0,1,1,1,1,0,-,1,Tupian
ST.MAHAKIRANTI.CHEPANG,1,-,1,1,1,1,1,1,Sino-Tibetan
NDa.AVAR_ANDIC_TSEZIC.SAGADIN_TSEZ,1,1,1,1,1,1,-,1,Nakh-Daghestanian
An.OCEANIC.TAKIA,0,1,0,1,-,1,0,1,Austronesian
An.NORTH_BORNEO.TATANA,0,-,0,0,1,0,0,0,Austronesian
NC.ADAMAWA.DAY,0,-,0,0,0,0,0,1,Atlantic-Congo
Tak.TAKELMA.TAKELMA,0,1,1,1,0,1,-,1,Takelma
IE.GERMANIC.EASTERN_FRISIAN,1,0,1,-,-,-,0,1,Indo-European
TNG.EASTERN_HIGHLANDS.FORE,1,1,1,1,0,1,-,1,Nuclear_Trans_New_Guinea
NC.GUR.DAGAARE,0,1,0,1,0,0,-,1,Atlantic-Congo
NC.GUR.DAGBANI,0,1,0,1,0,0,-,1,Atlantic-Congo
TNG.FASU.NAMUMI,0,1,0,1,0,1,-,1,Fasu
NC.BANTOID.KITABWA,0,0,-,0,0,0,-,1,Atlantic-Congo
ST.DIGAROAN.TARAON,0,1,-,1,0,1,1,1,Sino-Tibetan
Aus.PAMA_NYUNGAN.DIYARI,0,-,1,1,0,1,-,1,Pama-Nyungan
ST.MAHAKIRANTI.THANGMI,1,1,1,1,1,1,-,1,Sino-Tibetan
Tot.TOTONACAN.TEPEHUA_TLACHICHILCO,1,0,-,0,1,0,0,0,Totonacan
Bos.BOSAVI.EDOLO,0,1,0,1,0,1,-,1,Bosavi
ST.MAHAKIRANTI.DUMI_2,1,1,1,1,-,1,-,1,Sino-Tibetan
TNG.DUNA.DUNA,0,1,0,1,0,1,-,1,Duna
ST.BODO_GARO.DIMASA,0,1,1,-,0,1,1,1,Sino-Tibetan
ST.NUNGISH.DRUNG,-,1,1,1,0,1,-,1,Sino-Tibetan
An.CENTRAL_MALAYO_POLYNESIAN.TUGUN,0,-,0,1,0,0,0,1,Austronesian
NDa.LAK_DARGWA.SANZHI_DARGI,1,1,-,1,1,1,1,1,Nakh-Daghestanian
Nad.NADAHUP.DAW,0,1,1,1,1,1,-,1,Nadahup
Cay.CAYUVAVA.CAYUBABA,1,0,1,0,1,0,-,0,Cayuvava
UA.TARAHUMARAN.WARIHIO,-,1,1,1,0,-,-,-,Uto-Aztecan
UA.TAKIC.CUPENO,0,1,1,1,1,1,-,1,Uto-Aztecan
UC.URU_CHIPAYA.CHIPAYA,1,-,1,1,1,1,1,1,Uru-Chipaya
Aus.BUNUBAN.GOONIYANDI,0,-,1,-,1,1,-,1,Bunaban
An.OCEANIC.NORTH_MALO,0,-,0,0,0,0,0,1,Austronesian
AA.WEST_CHADIC.GOEMAI,0,0,0,0,0,0,-,1,Afro-Asiatic
NDa.AVAR_ANDIC_TSEZIC.GODOBERI,1,-,1,1,1,1,-,1,Nakh-Daghestanian
Arw.NORTHERN_ARAWAKAN.WAYUU,0,0,0,0,1,0,-,0,Arawakan
An.OCEANIC.SUDEST,0,-,0,1,0,0,0,1,Austronesian
TNG.BINANDEREAN.SUENA,0,1,0,1,0,1,-,1,Nuclear_Trans_New_Guinea
Aus.GUNWINYGIC.GUNBALANG_WARLANG,1,0,1,-,1,0,0,1,Gunwinyguan
Gum.GUMUZ.GUMUZ,-,0,0,0,-,0,0,1,Gumuz
TNG.CHIMBU.GOLIN,0,1,0,1,0,1,-,1,Nuclear_Trans_New_Guinea
IE.IRANIAN.TALYSH,1,1,1,1,1,1,0,-,Indo-European
ST.KUKI_CHIN.CHIN_TEDIM,0,1,1,1,0,1,-,1,Sino-Tibetan
AA.NORTH_OMOTIC.SHE,-,1,0,-,-,1,-,1,Ta-Ne-Omotic
Cht.CHITIMACHA.CHITIMACHA,0,1,-,1,0,1,0,1,Chitimacha
NC.BANTOID.PHUTI,-,-,1,0,-,0,0,-,Atlantic-Congo
Tuc.TUCANOAN.CUBEO,1,1,-,1,1,1,0,0,Tucanoan
TNG.OK.TELEFOL,0,1,-,1,0,1,-,1,Nuclear_Trans_New_Guinea
An.OCEANIC.TAIOF,0,-,0,0,1,0,0,1,Austronesian
An.GREATER_CENTRAL_PHILIPPINE.TAGALOG,-,-,-,0,1,0,0,0,Austronesian
ST.KUKI_CHIN.NAGA_SUMI,0,1,0,1,0,1,-,1,Sino-Tibetan
ST.BODIC.KINNAURI,1,1,1,1,1,1,-,1,Sino-Tibetan
An.ATAYALIC.HECUO_TAROKO,-,-,0,0,1,0,0,0,Austronesian
Tor.WAPEI_PALEI.URAT,0,-,0,0,0,0,0,1,Nuclear_Torricelli
ST.BODIC.WESTERN_BALTI,1,1,1,-,0,1,1,1,Sino-Tibetan
AuA.PALAUNG_KHMUIC.KHMU_2,0,0,0,0,0,0,-,1,Austroasiatic
Sio.SIOUAN.BILOXI,0,1,0,1,0,1,-,1,Siouan
TNG.KOIARIAN.MOUNTAIN_KOIARI,0,1,0,1,0,1,-,1,Koiarian
Tup.TUPI_GUARANI.URUBU_KAAPOR,0,1,1,1,1,1,-,1,Tupian
Chi.RAMA.RAMA,0,1,1,1,0,1,-,1,Chibchan
TNG.MADANG.KALAM,0,1,0,1,0,1,-,1,Nuclear_Trans_New_Guinea
An.OCEANIC.BANONI,0,0,1,0,0,0,-,1,Austronesian
Alt.MONGOLIC.BURIAT_MONGOLIA,1,1,1,1,1,1,-,1,Mongolic
IE.SLAVIC.UKRAINIAN,1,0,1,-,1,0,0,1,Indo-European
An.OCEANIC.LUSI,0,0,0,1,0,0,-,1,Austronesian
Ura.PERMIC.UDMURT,1,1,1,1,1,1,-,1,Uralic
ST.BODO_GARO.BODO_INDIA,1,-,1,1,0,1,1,1,Sino-Tibetan
Man.EASTERN_MANDE.BOKO,0,1,-,1,0,1,0,1,Mande
Tuc.TUCANOAN.KOREGUAYE,0,1,-,1,0,0,0,0,Tucanoan
Kiw.KIWAIAN.KIWAI_SOUTHERN,1,1,1,1,1,1,-,1,Kiwaian
KT.KIOWA_TANOAN.KIOWA,-,-,1,1,1,1,-,1,Kiowa-Tanoan
NC.BANTOID.RONGA,0,0,0,0,-,0,-,1,Atlantic-Congo
Tot.TOTONACAN.XICOTEPEC_TOTONAC,1,0,1,0,-,0,0,1,Totonacan
TNG.MADANG.WANUMA,0,1,0,1,0,1,-,1,Nuclear_Trans_New_Guinea
NC.GUR.KONNI,-,-,0,1,0,0,0,1,Atlantic-Congo
AuA.BAHNARIC.BRAO,0,0,0,0,0,0,-,1,Austroasiatic
NC.BANTOID.BAKUERI,0,-,1,0,0,0,0,1,Atlantic-Congo
Kad.KADUGLI.KATCHA,0,-,0,0,0,0,0,1,Kadugli-Krongo
Wsh.WASHO.WASHO,1,1,1,1,1,1,-,1,Washo
Sko.SERRA_HILLS.POKO_RAWO,0,-,0,1,0,-,-,1,Sko
CW.CHAPACURA_WANHAN.PAKAANOVA,-,0,0,0,-,0,0,0,Chapacuran
IE.ROMANCE.PORTUGUESE,0,0,1,0,-,0,0,1,Indo-European
CSu.BONGO_BAGIRMI.FURU,-,-,0,0,0,0,0,1,Central_Sudanic
Kad.KADUGLI.KRONGO,0,-,0,0,0,0,0,0,Kadugli-Krongo
WY.WAPPO.WAPPO,0,-,1,1,0,1,-,1,Yuki-Wappo
Kar.KAROK.KAROK,0,1,1,1,1,-,-,1,Karuk
Wao.WAORANI.WAORANI,-,1,1,1,-,1,-,1,Waorani
IE.INDIC.BHOIPURI,1,1,1,1,1,1,-,1,Indo-European
Mur.MURA.PIRAHA,0,1,0,1,0,1,-,1,Mura-Piraha
CSu.KRESH.GBAYA,1,0,-,0,1,0,0,1,Kresh-Aja
ST.BODIC.PURIK,1,1,1,-,0,1,1,1,Sino-Tibetan
Aus.PAMA_NYUNGAN.WIRRI,1,-,1,1,1,0,0,1,Pama-Nyungan
An.CENTRAL_LUZON.KAPAMPANGAN,-,0,-,0,1,0,0,0,Austronesian
Dra.SOUTH_CENTRAL_DRAVIDIAN.DORLI_GONDI,1,-,1,1,1,1,1,1,Dravidian
TNG.BINANDEREAN.BINANDERE,0,1,0,1,0,1,-,1,Nuclear_Trans_New_Guinea
NC.BANTOID.KOONGO,0,0,0,0,0,0,-,1,Atlantic-Congo
ST.BODO_GARO.KOK_BOROK_2,0,1,1,1,0,1,-,1,Sino-Tibetan
IE.IRANIAN.VAFSI,0,-,1,0,1,1,0,-,Indo-European
NC.BANTOID.GIKUYU_2,0,0,0,0,-,0,0,1,Atlantic-Congo
AuA.MUNDA.REMO,1,1,1,1,1,1,-,1,Austroasiatic
Tuc.TUCANOAN.TUCANO,-,1,1,-,1,1,1,1,Tucanoan
TNG.ANGAN.BARUYA_2,0,1,0,1,0,1,-,1,Angan
Sko.WARUPU.SUMO,0,-,0,0,0,1,0,1,Sko
IE.SLAVIC.CROATIAN,1,0,1,-,1,0,-,1,Indo-European
Yen.YENISEIAN.KET,1,1,1,1,1,1,-,1,Yeniseian
CSu.BONGO_BAGIRMI.KENGA,-,-,0,0,0,0,0,1,Central_Sudanic
Tup.RAMARAMA.KARO_BRAZIL,0,1,1,1,-,1,-,1,Tupian
AA.CENTRAL_CUSHITIC.KEMANT,1,1,1,1,-,1,1,1,Afro-Asiatic
ST.MAHAKIRANTI.KHALING,1,-,1,1,1,1,1,1,Sino-Tibetan
Sln.SALINAN.SALINAN,-,0,1,0,1,0,-,0,Salinan
IE.ROMANCE.ROMANSH_GRISHUN,0,-,1,0,1,0,0,1,Indo-European
Man.EASTERN_MANDE.BUSA_NIGERIA,0,1,-,1,0,1,0,1,Mande
Chi.TALAMANCA.BRIBRI,0,1,0,1,0,1,-,1,Chibchan
MGe.KARAJA.KARAJA,0,1,1,1,-,1,-,1,Nuclear-Macro-Je
Dra.SOUTHERN_DRAVIDIAN.TULU,1,1,1,1,1,1,-,1,Dravidian
NDa.LEZGIC.RUTUL,1,1,1,1,1,1,-,1,Nakh-Daghestanian
An.OCEANIC.ROVIANA,0,-,0,0,1,0,0,0,Austronesian
Aus.NDJEBBANA.DJEEBBANA,0,1,1,-,0,1,-,1,Maningrida
Hok.POMOAN.SOUTHEASTERN_POMO,-,1,1,1,1,1,-,1,Pomoan
ESu.NYIMANG.AMA_AFRICA,0,1,0,1,-,1,-,1,Nyimang
IE.INDIC.SAVI,1,1,1,1,-,1,-,1,Indo-European
ESu.NILOTIC.SHILLUK,0,0,-,0,0,0,-,1,Nilotic
Sio.SIOUAN.TUTELO,-,1,0,1,0,1,-,1,Siouan
Slv.PIAROA.PIAROA,0,-,1,1,0,1,-,1,Jodi-Saliban
Snt.SENTANI.TABLA_UNKNOWN_DIAL,0,1,1,-,0,1,-,1,Sentanic
AA.BERBER.TAMAHAQ_TAHAGGART,-,0,0,0,-,0,0,0,Afro-Asiatic
AA.WEST_CHADIC.RON_BOKKOS,-,-,0,0,0,0,0,1,Afro-Asiatic
NC.BANTOID.TWUMWU,0,-,0,0,0,-,-,1,Atlantic-Congo
AA.NORTH_OMOTIC.WOLAYTTA,1,-,1,1,1,1,-,1,Ta-Ne-Omotic
NC.BANTOID.KINYAMWEZI,0,-,0,0,0,0,-,-,Atlantic-Congo
An.OCEANIC.WEDAU,0,-,1,1,-,1,-,1,Austronesian
NC.BANTOID.TETELA,-,0,0,0,0,0,-,1,Atlantic-Congo
An.NORTHERN_LUZON.PANGASINAN,-,0,-,0,1,0,-,0,Austronesian
Oks.OKSAPMIN.OKSAPMIN,-,1,-,1,-,1,-,1,Nuclear_Trans_New_Guinea
ST.BODIC.THAKALI,1,-,1,1,0,1,-,1,Sino-Tibetan
Alg.WIYOT.WIYOT,0,-,1,1,-,-,-,1,Algic
TK.KAM_TAI.WANGMO_BOUYEI,0,-,0,0,1,0,-,1,Tai-Kadai
Sha.SHABO.SHABO,1,1,-,-,1,1,0,1,Shabo
Sal.INTERIOR_SALISH.THOMPSON,1,0,-,1,1,0,-,0,Salishan
ST.KUKI_CHIN.NAGA_ZEME,0,1,1,-,0,1,-,1,Sino-Tibetan
MZ.MIXE_ZOQUE.CHIAPAS_ZOQUE,1,-,1,1,-,0,-,0,Mixe-Zoque
AA.SEMITIC.TIGRIGNA,1,0,1,-,-,1,-,1,Afro-Asiatic
UA.TARAHUMARAN.CENTRAL_TARAHUMARA,1,1,1,-,-,1,0,1,Uto-Aztecan
Arw.NORTHERN_ARAWAKAN.YUCUNA,1,1,1,1,-,0,-,1,Arawakan
An.NORTHWEST_SUMATRA_BARRIER_ISLANDS.SIMALUR,0,0,0,0,-,0,-,0,Austronesian
NC.BANTOID.TIV_2,-,0,0,0,-,0,-,1,Atlantic-Congo
Teb.PAWAIAN.PAWAIA,1,1,1,-,0,1,-,1,Pawaia
Tac.TACANAN.TACANA,-,1,1,1,-,1,-,1,Pano-Tacanan
Alt.MONGOLIC.SANTA_MONGOLIAN,1,1,-,1,1,1,-,1,Mongolic
Tup.TUPI_GUARANI.SIRIONO,0,1,1,1,-,1,-,1,Tupian
AuA.ASLIAN.TEMIAR,0,0,0,-,-,0,0,1,Austroasiatic
Ura.SAMOYEDIC.SELKUP,1,-,1,1,1,1,-,1,Uralic
NDe.ATHAPASKAN.TANACROSS,0,1,1,1,-,1,-,1,Athapaskan-Eyak-Tlingit
NC.ADAMAWA.TUPURI,0,0,0,-,0,0,-,1,Atlantic-Congo
Alt.TUNGUSIC.UILTA,0,1,-,1,1,1,-,1,Tungusic
Alt.TUNGUSIC.UDEHE,1,1,-,1,-,1,-,1,Tungusic
UA.AZTECAN.NAHUATL_DEL_NORTE_DEL_ESTADO_DE_PUEBLA,-,-,1,-,1,0,-,1,Uto-Aztecan
Krd.HEIBAN.UTORO,0,-,0,0,0,0,-,1,Heibanic
TNG.FINISTERRE_HUON.NANKINA,0,1,-,1,0,1,-,1,Nuclear_Trans_New_Guinea
TNG.MADANG.ANGAUA,0,1,0,-,-,1,-,1,Nuclear_Trans_New_Guinea
AuA.NICOBARESE.NANCAWRI,0,0,1,0,-,0,-,0,Austroasiatic
IE.INDIC.SINHALA,1,1,-,-,-,1,0,1,Indo-European
Gcu.SOUTH_GUAICURUAN.TOBA,1,-,1,0,1,0,-,-,Guaicuruan
Tu.TU.KAM_KA_KE,0,-,1,1,0,0,-,1,Tuu
Ton.TONKAWA.TONKAWA,0,1,-,1,-,1,-,1,Tonkawa
LSR.LOWER_SEPIK.YIMAS,-,1,0,1,-,1,-,1,Lower_Sepik-Ramu
Aus.NGANDI.NGANDI,0,-,1,-,0,1,-,1,Gunwinyguan
Tuc.TUCANOAN.SIONA,1,-,1,1,1,1,-,1,Tucanoan
Aus.TANGKIC.GANGGALIDA,1,-,1,1,-,1,0,1,Tangkic
WP.NORTH_HALMAHERAN.TOBELO_2,-,0,0,1,0,1,-,1,North_Halmahera
Tun.TUNICA.TUNICA,0,1,-,1,-,1,0,1,Tunica
TO.ORYA.ORYA_2,0,1,0,1,-,1,-,1,Tor-Orya
GS.SUKI.SUKI,1,-,1,1,-,1,-,1,Suki-Gogodala
Aus.PAMA_NYUNGAN.WIK_MUNGKAN,0,-,0,1,0,1,-,1,Pama-Nyungan
Aus.ANSON_BAY.WADYGINY,0,1,-,1,0,1,-,1,Anson_Bay
TNG.EASTERN_HIGHLANDS.N_TAIRORA,-,-,1,1,0,1,-,1,Nuclear_Trans_New_Guinea
Iro.NORTHERN_IROQUOIAN.ONEIDA,-,-,1,-,-,0,-,0,Iroquoian
ST.QIANGIC.MAWO_QIANG,0,1,0,1,0,-,1,-,Sino-Tibetan
An.CENTRAL_MALAYO_POLYNESIAN.NGADHA,0,0,-,0,-,0,-,1,Austronesian
Chk.CHIMAKUAN.QUILEUTE,1,-,1,0,1,0,-,0,Chimakuan
Man.EASTERN_MANDE.WAN_2,0,1,-,1,0,1,-,1,Mande
Pen.MAIDUAN.NISENAN,1,-,1,1,-,1,-,1,Maiduan
ESu.TEMEIN.TEMEIN,0,-,0,0,0,0,-,1,Temein
Tu.TU.XOON,0,-,0,1,-,0,0,1,Tuu
Alt.TURKIC.TUVAN,1,1,1,1,-,1,-,1,Turkic
Krd.RASHAD.ORIG,0,-,0,0,0,1,-,1,Rashad
Aus.PAMA_NYUNGAN.PANYTYIMA,-,-,1,-,1,-,-,1,Pama-Nyungan
OM.ZAPOTECAN.ZAPOTEC_ZOOGOCHO,0,-,0,-,1,0,0,0,Otomanguean
OM.MIXTECAN.JICALTEPEC_MIXTEC,0,0,0,-,1,0,-,0,Otomanguean
NC.BANTOID.C831_ILEBO,0,0,0,-,-,0,0,1,Atlantic-Congo
Aus.PAMA_NYUNGAN.DJAMBARRPUYNGU,-,-,1,-,-,-,0,-,Pama-Nyungan
An.OCEANIC.LOU,0,0,0,0,-,0,-,1,Austronesian
TNG.DANI.UPPER_PYRAMID_DANI,-,1,0,1,-,1,0,1,Nuclear_Trans_New_Guinea
An.OCEANIC.LAMENU,-,-,-,0,0,0,0,1,Austronesian
TK.KAM_TAI.SOUTHERN_DONG,0,0,0,-,1,0,-,-,Tai-Kadai
Sal.INTERIOR_SALISH.LILLOOET,1,0,1,0,-,0,-,0,Salishan
TK.HLAI.BAODING_HLAI,0,0,0,-,1,0,-,1,Tai-Kadai
Sko.WESTERN_SKOU.LEITRE,0,-,0,1,0,1,-,1,Sko
NC.KWA.EGA,0,-,0,1,0,0,-,1,Atlantic-Congo
CSu.MANGBUTU_EFE.BALESE,0,-,0,-,0,-,-,1,Central_Sudanic
NC.BANTOID.NGELEMA_2,0,0,0,-,0,0,-,1,Atlantic-Congo
UA.CAHITA.EUDEVE,-,1,1,1,-,1,0,1,Uto-Aztecan
Aus.LARAGIYAN.LARRAKIA,0,1,-,0,0,1,-,1,Larrakiyan
Laal.LAAL.LAAL,0,0,0,0,-,0,-,1,Laal
Ura.PERMIC.KOMI_ZYRIAN,1,1,-,1,1,0,-,1,Uralic
Tup.TUPI_GUARANI.KAYABI,0,1,-,1,1,1,-,1,Tupian
KY.KARKAR_YURI.YURI,-,1,1,1,-,1,-,1,Pauwasi
NC.BANTOID.L32_KANYOK_1,0,0,0,0,0,-,0,-,Atlantic-Congo
TNG.ENGAN.KYAKA_ENGA,0,1,0,-,0,1,-,1,Nuclear_Trans_New_Guinea
AA.SOUTH_OMOTIC.DIME,0,1,0,-,0,1,-,1,South_Omotic
AA.LOWLAND_EAST_CUSHITIC.DAASANACH,0,-,0,1,0,1,-,1,Afro-Asiatic
NC.UBANGI.DONGO,0,-,0,0,0,-,-,1,Atlantic-Congo
IE.SLAVIC.MACEDONIAN,1,0,1,-,-,0,-,1,Indo-European
Arw.PRE_ANDINE_ARAWAKAN.AJYININKA_APURUCAYALI,0,-,-,1,-,0,0,-,Arawakan
Bar.BARBACOAN.CAYAPA,1,-,1,1,1,1,-,1,Barbacoan
NC.BANTOID.MBOSHI_NGOLO,0,-,0,0,0,0,-,1,Atlantic-Congo
AA.BIU_MANDARA.MADA_CAMEROON,0,-,0,0,0,0,-,1,Afro-Asiatic
MZ.MIXE_ZOQUE.LOWLAND_MIXE,1,0,1,1,1,-,0,-,Mixe-Zoque
NDe.ATHAPASKAN.CHIPEWYAN,-,1,1,-,1,1,0,1,Athapaskan-Eyak-Tlingit
AA.SEMITIC.ARAMAIC,0,0,1,0,1,-,0,-,Afro-Asiatic
NC.UBANGI.MA,1,-,-,0,0,0,-,1,Atlantic-Congo
CSu.MANGBETU.MANGBETU,0,-,-,-,0,0,-,1,Central_Sudanic
ST.MAHAKIRANTI.CAMLING,-,-,1,1,1,1,1,1,Sino-Tibetan
Kat.KATUKINAN.KANAMARI,0,1,1,1,-,-,0,-,Katukinan
Sio.SIOUAN.CROW,0,-,0,1,0,1,-,1,Siouan
NC.BANTOID.G65_KINGA,0,0,-,0,0,0,-,1,Atlantic-Congo
NC.EDOID.DEGEMA_2,-,-,0,-,0,0,0,1,Atlantic-Congo
Man.EASTERN_MANDE.MANN,0,1,-,1,0,1,-,1,Mande
NC.BANTOID.KONGO_SAN_SALVADOR_2,0,0,0,-,-,0,-,1,Atlantic-Congo
An.OCEANIC.GAPAPAIWA,-,1,-,1,0,1,0,1,Austronesian
TNG.GOILALAN.KUNIMAIPA,0,-,0,1,0,1,-,1,Goilalan
TNG.CHIMBU.KUMAN,0,1,1,-,0,1,-,1,Nuclear_Trans_New_Guinea
Alt.MONGOLIC.KALMYK,1,1,-,1,-,1,1,1,Mongolic
Hok.YUMAN.KILIWA,0,-,-,-,-,1,0,1,Cochimi-Yuman
ST.DIGAROAN.IDU_MISHMI,1,1,1,-,0,1,-,1,Sino-Tibetan
Mar.SOUTH_BIRDS_HEAD.INANWATAN,0,1,-,1,0,-,-,1,Inanwatan
Aus.PAMA_NYUNGAN.YANDRUWANDHA,0,1,0,-,0,1,-,1,Pama-Nyungan
NC.BANTOID.KINYARWANDA,0,0,1,-,0,0,-,1,Atlantic-Congo
Cah.CAHUAPANAN.JEBERO,1,-,1,0,-,-,0,-,Cahuapanan
NWC.NORTHWEST_CAUCASIAN.KABARDIAN,-,1,1,1,-,1,1,1,Abkhaz-Adyge
ST.BODO_GARO.KACHARI,-,1,1,-,0,1,-,1,Sino-Tibetan
LSR.MIKAREW.KIRE,0,1,-,-,0,1,-,1,Lower_Sepik-Ramu
IE.INDIC.ODIR_KHOWAR,1,1,-,1,-,1,1,1,Indo-European
AuA.MUNDA.KHARIA,-,1,1,-,1,1,-,1,Austroasiatic
Ele.TATE.KAKI_AE,0,-,1,1,0,1,-,1,Kaki_Ae
AA.BERBER.KABYLE_GREATER_KABYLIA_AT_MANGELLAT,0,0,-,0,-,0,0,0,Afro-Asiatic
Hui.HUITOTO.HUITOTO_MURUI,1,1,-,1,-,1,1,1,Huitotoan
NC.BANTOID.D28_HOLOHOLO,0,-,-,-,0,0,0,1,Atlantic-Congo
Tup.MONDE.GAVIAO_DO_RONDONIA,0,1,1,1,-,1,-,1,Tupian
IE.INDIC.GUJARATI,1,1,1,-,1,1,-,1,Indo-European
An.OCEANIC.KWAIO,0,0,0,-,1,0,-,1,Austronesian
NC.GBAYA_MANZA_NGBAKA.KARA_BODOE,1,-,0,0,0,0,-,1,Atlantic-Congo
AA.BIU_MANDARA.GAANDA,0,0,0,0,-,0,0,-,Afro-Asiatic
Aus.WORORAN.GUNIN_KWINI,0,1,0,1,-,-,-,-,Worrorran
Krd.KATLA_TIMA.KATLA,0,-,0,0,-,0,0,1,Katla-Tima
MGe.GUATO.GUATO,0,0,1,0,-,0,-,0,Guato
TNG.KOIARIAN.KOITA,0,-,0,1,0,1,-,1,Koiarian
NDa.LEZGIC.KRYZ,1,-,1,1,1,1,-,1,Nakh-Daghestanian
CK.NORTHERN_CHUKOTKO_KAMCHATKAN.KORYAK,1,1,1,1,-,1,-,1,Chukotko-Kamchatkan
Aus.PAMA_NYUNGAN.GUUGU_YIMIDHIR,0,-,1,-,0,1,-,1,Pama-Nyungan
TNG.AWJU_DUMUT.KOROWAI,1,-,1,1,-,1,-,1,Nuclear_Trans_New_Guinea
NC.PLATOID.TYAP,-,0,0,0,0,0,-,1,Atlantic-Congo
MGe.BOTOCUDO.KRENAK,0,-,0,1,0,1,-,1,Nuclear-Macro-Je
TNG.ANGAN.KAPAU,0,1,0,-,0,1,-,1,Angan
NC.BANTOID.HEMBA_BWINYANYEMBA,0,0,0,-,0,0,-,1,Atlantic-Congo
UA.TAKIC.CAHUILLA,1,1,-,1,-,1,0,1,Uto-Aztecan
NC.BANTOID.OYUOMI_TCHERRE,0,0,0,-,0,0,-,1,Atlantic-Congo
NC.BANTOID.KAGULU,0,0,0,-,0,0,0,-,Atlantic-Congo
An.NORTHERN_LUZON.DUPANINGAN_AGTA,1,-,-,0,1,0,-,0,Austronesian
CSu.BONGO_BAGIRMI.BONGO,-,0,-,0,-,0,-,1,Central_Sudanic
NC.BANTOID.AGHEM_ISU,0,-,0,0,0,0,-,1,Atlantic-Congo
Aus.NORTHERN_DALY.MULLUKMULLUK,0,-,0,-,0,1,-,1,Northern_Daly
NC.BANTOID.BAFIA_ROPE,0,0,0,0,0,-,0,-,Atlantic-Congo
ST.NUNGISH.ANONG,0,-,0,1,0,1,-,1,Sino-Tibetan
AuA.PALAUNG_KHMUIC.MLABRI,0,0,0,1,-,0,-,1,Austroasiatic
Ber.BERTA.WETAWIT,0,-,-,-,0,0,0,1,Berta
Pen.MIWOK.S_SIERRA_MIWOK,-,-,1,-,1,-,-,1,Miwok-Costanoan
Aus.PAMA_NYUNGAN.BADIMAYA,0,-,1,1,-,1,-,1,Pama-Nyungan
CSu.MANGBUTU_EFE.MAMVU,0,-,0,-,0,0,-,1,Central_Sudanic
NC.BANTOID.DZEKE_DIBOLE,0,0,-,-,0,0,0,1,Atlantic-Congo
Pen.MAIDUAN.NE_MAIDU,1,-,1,1,-,1,1,1,Maiduan
An.OCEANIC.AMARA,0,0,0,-,0,0,-,1,Austronesian
UA.NUMIC.WESTERN_MONO,-,1,-,1,-,1,0,1,Uto-Aztecan
Mab.MABAN.MASALIT,0,-,-,0,0,1,0,1,Maban
An.OCEANIC.AYIWO,0,0,0,0,-,0,-,1,Austronesian
Pan.PANOAN.AMAHUACA,0,1,1,1,-,1,-,-,Pano-Tacanan
Chi.CHIBCHAN_PROPER.CHIBCHA,0,-,1,1,0,1,-,1,Chibchan
Aus.PAMA_NYUNGAN.WESTERN_ARRERNTE,0,1,0,0,0,-,0,-,Pama-Nyungan
Ata.ATAKAPA.ATAKAPA,-,1,1,1,0,1,-,1,Atakapa
IE.INDIC.ASSAMESE,1,-,1,1,-,1,-,1,Indo-European
TNG.MADANG.IKUNDUN,0,-,0,1,0,1,-,1,Nuclear_Trans_New_Guinea
Aus.MARAN.MARA,0,0,1,-,-,-,-,-,Mangarrayi-Maran
Car.CARIBAN.APALAI,0,1,-,1,-,1,-,-,Cariban
KF.KWOMTARI.NAI,-,-,-,1,-,1,0,1,Kwomtari-Nai
CSu.KRESH.AJA,1,0,-,0,-,0,-,1,Kresh-Aja
IE.INDIC.BROKSKAT,1,-,1,1,1,1,-,1,Indo-European
AA.CENTRAL_CUSHITIC.BILIN,0,1,-,1,1,1,-,-,Afro-Asiatic
ST.BODIC.LOWA,0,-,1,-,0,1,1,1,Sino-Tibetan
An.OCEANIC.MOTLAV,0,-,0,-,0,0,0,1,Austronesian
NC.BANTOID.MWERA,0,-,-,0,0,0,-,1,Atlantic-Congo
An.GREATER_CENTRAL_PHILIPPINE.MANOBO_WESTERN_BUKIDNON,1,0,1,0,-,0,-,0,Austronesian
Sep.UPPER_SEPIK.ABAU_2,-,1,0,1,0,1,-,1,Sepik
AA.LOWLAND_EAST_CUSHITIC.ARBORE_2,0,-,-,0,0,1,0,1,Afro-Asiatic
Arw.NORTHERN_ARAWAKAN.ACHAGUA,0,1,-,1,-,0,0,1,Arawakan
Aus.BUNUBAN.BUNABA,1,-,1,1,-,-,-,1,Bunaban
NC.NORTHERN_ATLANTIC.BALANTA_GANJA,0,-,0,0,0,0,-,1,Atlantic-Congo
IE.SLAVIC.BELARUSIAN,1,-,1,0,-,-,0,-,Indo-European
MGe.GE_KAINGANG.APINAYE,0,1,0,1,-,1,-,1,Nuclear-Macro-Je
An.OCEANIC.MEKEO,0,1,-,1,-,1,-,1,Austronesian
NC.KWA.BAULE,0,1,0,-,0,0,-,1,Atlantic-Congo
